-- phpMyAdmin SQL Dump
-- version 3.5.2.2
-- http://www.phpmyadmin.net
--
-- Host: 127.0.0.1
-- Generation Time: Oct 09, 2014 at 08:33 PM
-- Server version: 5.5.27
-- PHP Version: 5.4.7

SET SQL_MODE="NO_AUTO_VALUE_ON_ZERO";
SET time_zone = "+00:00";


/*!40101 SET @OLD_CHARACTER_SET_CLIENT=@@CHARACTER_SET_CLIENT */;
/*!40101 SET @OLD_CHARACTER_SET_RESULTS=@@CHARACTER_SET_RESULTS */;
/*!40101 SET @OLD_COLLATION_CONNECTION=@@COLLATION_CONNECTION */;
/*!40101 SET NAMES utf8 */;

--
-- Database: `football_league`
--

-- --------------------------------------------------------

--
-- Table structure for table `games`
--

CREATE TABLE IF NOT EXISTS `games` (
  `id` int(10) unsigned NOT NULL AUTO_INCREMENT,
  `host_team_id` varchar(255) COLLATE utf8_unicode_ci NOT NULL,
  `guest_team_id` varchar(255) COLLATE utf8_unicode_ci NOT NULL,
  `host_score` int(11) NOT NULL,
  `guest_score` int(11) NOT NULL,
  `time` datetime NOT NULL,
  `created_at` timestamp NOT NULL DEFAULT '0000-00-00 00:00:00',
  `updated_at` timestamp NOT NULL DEFAULT '0000-00-00 00:00:00',
  PRIMARY KEY (`id`)
) ENGINE=InnoDB  DEFAULT CHARSET=utf8 COLLATE=utf8_unicode_ci AUTO_INCREMENT=402 ;

--
-- Dumping data for table `games`
--

INSERT INTO `games` (`id`, `host_team_id`, `guest_team_id`, `host_score`, `guest_score`, `time`, `created_at`, `updated_at`) VALUES
(1, '6', '7', 3, 6, '2014-09-21 20:15:01', '2014-10-08 03:53:20', '2014-10-08 03:53:20'),
(2, '2', '3', 6, 0, '2014-10-07 23:45:04', '2014-10-08 03:53:20', '2014-10-08 03:53:20'),
(3, '17', '18', 0, 5, '2014-09-10 01:11:16', '2014-10-08 03:53:20', '2014-10-08 03:53:20'),
(4, '17', '18', 0, 4, '2014-09-24 20:53:06', '2014-10-08 03:53:20', '2014-10-08 03:53:20'),
(5, '15', '16', 4, 5, '2014-09-27 20:06:09', '2014-10-08 03:53:20', '2014-10-08 03:53:20'),
(6, '2', '3', 0, 2, '2014-09-13 11:54:28', '2014-10-08 03:53:20', '2014-10-08 03:53:20'),
(7, '10', '11', 5, 0, '2014-09-26 10:06:24', '2014-10-08 03:53:20', '2014-10-08 03:53:20'),
(8, '17', '18', 0, 5, '2014-09-29 09:03:57', '2014-10-08 03:53:20', '2014-10-08 03:53:20'),
(9, '18', '19', 3, 1, '2014-10-05 17:27:05', '2014-10-08 03:53:20', '2014-10-08 03:53:20'),
(10, '1', '2', 2, 5, '2014-09-25 22:49:10', '2014-10-08 03:53:20', '2014-10-08 03:53:20'),
(11, '0', '1', 3, 2, '2014-10-04 09:40:32', '2014-10-08 03:53:20', '2014-10-08 03:53:20'),
(12, '18', '19', 4, 4, '2014-09-24 05:26:00', '2014-10-08 03:53:20', '2014-10-08 03:53:20'),
(13, '7', '8', 6, 1, '2014-10-01 00:23:37', '2014-10-08 03:53:20', '2014-10-08 03:53:20'),
(14, '3', '4', 6, 5, '2014-09-08 09:18:49', '2014-10-08 03:53:20', '2014-10-08 03:53:20'),
(15, '11', '12', 0, 7, '2014-09-27 21:24:59', '2014-10-08 03:53:20', '2014-10-08 03:53:20'),
(16, '1', '2', 1, 5, '2014-09-12 23:07:39', '2014-10-08 03:53:20', '2014-10-08 03:53:20'),
(17, '3', '4', 2, 7, '2014-09-08 18:34:42', '2014-10-08 03:53:20', '2014-10-08 03:53:20'),
(18, '0', '1', 6, 0, '2014-09-15 17:13:18', '2014-10-08 03:53:20', '2014-10-08 03:53:20'),
(19, '0', '1', 5, 1, '2014-09-11 14:08:51', '2014-10-08 03:53:20', '2014-10-08 03:53:20'),
(20, '12', '13', 2, 3, '2014-10-03 02:42:52', '2014-10-08 03:53:20', '2014-10-08 03:53:20'),
(21, '14', '15', 5, 2, '2014-09-18 08:01:34', '2014-10-08 03:53:20', '2014-10-08 03:53:20'),
(22, '17', '18', 4, 3, '2014-10-07 02:30:49', '2014-10-08 03:53:20', '2014-10-08 03:53:20'),
(23, '12', '13', 7, 3, '2014-09-18 16:17:20', '2014-10-08 03:53:20', '2014-10-08 03:53:20'),
(24, '10', '11', 6, 0, '2014-09-10 07:47:51', '2014-10-08 03:53:20', '2014-10-08 03:53:20'),
(25, '3', '4', 2, 4, '2014-09-12 14:51:26', '2014-10-08 03:53:20', '2014-10-08 03:53:20'),
(26, '6', '7', 4, 3, '2014-09-14 14:28:58', '2014-10-08 03:53:20', '2014-10-08 03:53:20'),
(27, '4', '5', 0, 5, '2014-09-30 00:17:43', '2014-10-08 03:53:20', '2014-10-08 03:53:20'),
(28, '3', '4', 5, 2, '2014-10-04 10:06:53', '2014-10-08 03:53:20', '2014-10-08 03:53:20'),
(29, '1', '2', 1, 2, '2014-10-05 12:30:36', '2014-10-08 03:53:20', '2014-10-08 03:53:20'),
(30, '10', '11', 6, 5, '2014-09-11 12:55:28', '2014-10-08 03:53:20', '2014-10-08 03:53:20'),
(31, '19', '20', 5, 4, '2014-10-07 16:33:56', '2014-10-08 03:53:20', '2014-10-08 03:53:20'),
(32, '9', '10', 7, 1, '2014-10-06 11:26:20', '2014-10-08 03:53:20', '2014-10-08 03:53:20'),
(33, '6', '7', 5, 0, '2014-10-03 15:58:57', '2014-10-08 03:53:20', '2014-10-08 03:53:20'),
(34, '3', '4', 6, 0, '2014-09-10 13:59:31', '2014-10-08 03:53:20', '2014-10-08 03:53:20'),
(35, '15', '16', 7, 0, '2014-10-08 04:32:28', '2014-10-08 03:53:20', '2014-10-08 03:53:20'),
(36, '16', '17', 6, 3, '2014-09-22 12:01:11', '2014-10-08 03:53:20', '2014-10-08 03:53:20'),
(37, '11', '12', 5, 4, '2014-09-18 04:29:29', '2014-10-08 03:53:20', '2014-10-08 03:53:20'),
(38, '7', '8', 4, 7, '2014-09-13 11:57:23', '2014-10-08 03:53:20', '2014-10-08 03:53:20'),
(39, '16', '17', 3, 5, '2014-09-12 16:36:01', '2014-10-08 03:53:20', '2014-10-08 03:53:20'),
(40, '3', '4', 0, 2, '2014-09-20 04:20:37', '2014-10-08 03:53:20', '2014-10-08 03:53:20'),
(41, '16', '17', 5, 7, '2014-09-22 10:54:35', '2014-10-08 03:53:20', '2014-10-08 03:53:20'),
(42, '15', '16', 5, 1, '2014-10-05 15:59:40', '2014-10-08 03:53:20', '2014-10-08 03:53:20'),
(43, '19', '20', 3, 3, '2014-09-17 20:39:36', '2014-10-08 03:53:20', '2014-10-08 03:53:20'),
(44, '17', '18', 7, 1, '2014-10-07 23:53:50', '2014-10-08 03:53:20', '2014-10-08 03:53:20'),
(45, '11', '12', 3, 1, '2014-09-08 07:32:12', '2014-10-08 03:53:20', '2014-10-08 03:53:20'),
(46, '12', '13', 1, 2, '2014-09-26 10:46:41', '2014-10-08 03:53:20', '2014-10-08 03:53:20'),
(47, '9', '10', 4, 7, '2014-10-02 14:48:42', '2014-10-08 03:53:20', '2014-10-08 03:53:20'),
(48, '17', '18', 2, 4, '2014-09-10 07:44:28', '2014-10-08 03:53:20', '2014-10-08 03:53:20'),
(49, '17', '18', 4, 2, '2014-09-17 16:58:01', '2014-10-08 03:53:20', '2014-10-08 03:53:20'),
(50, '9', '10', 4, 0, '2014-09-24 12:33:14', '2014-10-08 03:53:20', '2014-10-08 03:53:20'),
(51, '2', '3', 7, 1, '2014-09-11 05:51:03', '2014-10-08 03:53:20', '2014-10-08 03:53:20'),
(52, '10', '11', 2, 6, '2014-10-05 04:21:02', '2014-10-08 03:53:20', '2014-10-08 03:53:20'),
(53, '4', '5', 6, 3, '2014-09-12 15:37:08', '2014-10-08 03:53:20', '2014-10-08 03:53:20'),
(54, '11', '12', 7, 7, '2014-09-29 18:29:02', '2014-10-08 03:53:20', '2014-10-08 03:53:20'),
(55, '2', '3', 1, 5, '2014-09-30 07:45:29', '2014-10-08 03:53:20', '2014-10-08 03:53:20'),
(56, '15', '16', 7, 1, '2014-09-29 02:26:47', '2014-10-08 03:53:20', '2014-10-08 03:53:20'),
(57, '14', '15', 4, 4, '2014-09-15 13:06:49', '2014-10-08 03:53:20', '2014-10-08 03:53:20'),
(58, '9', '10', 5, 7, '2014-09-15 04:16:23', '2014-10-08 03:53:20', '2014-10-08 03:53:20'),
(59, '7', '8', 4, 4, '2014-10-03 14:09:29', '2014-10-08 03:53:20', '2014-10-08 03:53:20'),
(60, '1', '2', 2, 3, '2014-09-20 04:23:26', '2014-10-08 03:53:20', '2014-10-08 03:53:20'),
(61, '17', '18', 6, 4, '2014-09-12 14:50:48', '2014-10-08 03:53:20', '2014-10-08 03:53:20'),
(62, '8', '9', 7, 2, '2014-09-28 15:44:20', '2014-10-08 03:53:20', '2014-10-08 03:53:20'),
(63, '1', '2', 5, 1, '2014-10-03 12:28:21', '2014-10-08 03:53:20', '2014-10-08 03:53:20'),
(64, '4', '5', 1, 4, '2014-09-22 02:51:35', '2014-10-08 03:53:20', '2014-10-08 03:53:20'),
(65, '14', '15', 7, 5, '2014-09-11 10:06:52', '2014-10-08 03:53:20', '2014-10-08 03:53:20'),
(66, '0', '1', 1, 7, '2014-09-26 03:10:25', '2014-10-08 03:53:20', '2014-10-08 03:53:20'),
(67, '0', '1', 5, 5, '2014-09-18 07:25:17', '2014-10-08 03:53:20', '2014-10-08 03:53:20'),
(68, '13', '14', 7, 2, '2014-09-24 11:17:35', '2014-10-08 03:53:20', '2014-10-08 03:53:20'),
(69, '15', '16', 6, 6, '2014-09-15 18:52:01', '2014-10-08 03:53:20', '2014-10-08 03:53:20'),
(70, '9', '10', 4, 3, '2014-09-13 01:45:49', '2014-10-08 03:53:20', '2014-10-08 03:53:20'),
(71, '10', '11', 1, 4, '2014-10-06 00:55:43', '2014-10-08 03:53:20', '2014-10-08 03:53:20'),
(72, '7', '8', 2, 6, '2014-09-16 05:48:01', '2014-10-08 03:53:20', '2014-10-08 03:53:20'),
(73, '0', '1', 6, 1, '2014-10-06 01:44:07', '2014-10-08 03:53:20', '2014-10-08 03:53:20'),
(74, '7', '8', 3, 4, '2014-09-08 13:56:49', '2014-10-08 03:53:20', '2014-10-08 03:53:20'),
(75, '6', '7', 3, 7, '2014-09-08 17:03:19', '2014-10-08 03:53:20', '2014-10-08 03:53:20'),
(76, '13', '14', 5, 5, '2014-10-01 23:52:52', '2014-10-08 03:53:20', '2014-10-08 03:53:20'),
(77, '1', '2', 0, 4, '2014-09-21 18:34:47', '2014-10-08 03:53:20', '2014-10-08 03:53:20'),
(78, '18', '19', 7, 5, '2014-10-07 18:57:09', '2014-10-08 03:53:20', '2014-10-08 03:53:20'),
(79, '15', '16', 7, 1, '2014-09-19 00:07:57', '2014-10-08 03:53:20', '2014-10-08 03:53:20'),
(80, '10', '11', 5, 2, '2014-09-29 00:41:37', '2014-10-08 03:53:20', '2014-10-08 03:53:20'),
(81, '18', '19', 5, 1, '2014-09-25 22:40:06', '2014-10-08 03:53:20', '2014-10-08 03:53:20'),
(82, '15', '16', 5, 6, '2014-09-09 03:05:16', '2014-10-08 03:53:20', '2014-10-08 03:53:20'),
(83, '11', '12', 0, 4, '2014-10-02 06:54:47', '2014-10-08 03:53:20', '2014-10-08 03:53:20'),
(84, '6', '7', 5, 0, '2014-10-08 05:59:45', '2014-10-08 03:53:20', '2014-10-08 03:53:20'),
(85, '2', '3', 5, 7, '2014-10-02 17:57:25', '2014-10-08 03:53:20', '2014-10-08 03:53:20'),
(86, '2', '3', 4, 3, '2014-10-06 01:29:36', '2014-10-08 03:53:20', '2014-10-08 03:53:20'),
(87, '0', '1', 2, 2, '2014-09-12 18:59:33', '2014-10-08 03:53:21', '2014-10-08 03:53:21'),
(88, '18', '19', 3, 1, '2014-09-30 15:14:22', '2014-10-08 03:53:21', '2014-10-08 03:53:21'),
(89, '13', '14', 4, 7, '2014-09-30 02:49:14', '2014-10-08 03:53:21', '2014-10-08 03:53:21'),
(90, '10', '11', 0, 1, '2014-09-19 00:53:56', '2014-10-08 03:53:21', '2014-10-08 03:53:21'),
(91, '18', '19', 7, 5, '2014-09-18 21:08:16', '2014-10-08 03:53:21', '2014-10-08 03:53:21'),
(92, '15', '16', 1, 2, '2014-10-01 12:38:41', '2014-10-08 03:53:21', '2014-10-08 03:53:21'),
(93, '2', '3', 1, 0, '2014-09-23 15:20:33', '2014-10-08 03:53:21', '2014-10-08 03:53:21'),
(94, '3', '4', 3, 5, '2014-09-29 21:49:20', '2014-10-08 03:53:21', '2014-10-08 03:53:21'),
(95, '10', '11', 3, 1, '2014-09-29 20:58:29', '2014-10-08 03:53:21', '2014-10-08 03:53:21'),
(96, '16', '17', 6, 5, '2014-10-07 14:01:41', '2014-10-08 03:53:21', '2014-10-08 03:53:21'),
(97, '9', '10', 7, 5, '2014-09-16 06:09:39', '2014-10-08 03:53:21', '2014-10-08 03:53:21'),
(98, '15', '16', 7, 5, '2014-10-06 04:40:11', '2014-10-08 03:53:21', '2014-10-08 03:53:21'),
(99, '13', '14', 1, 5, '2014-09-11 11:18:25', '2014-10-08 03:53:21', '2014-10-08 03:53:21'),
(100, '8', '9', 3, 7, '2014-09-28 21:56:21', '2014-10-08 03:53:21', '2014-10-08 03:53:21'),
(101, '6', '7', 5, 4, '2014-09-10 09:44:02', '2014-10-08 03:53:21', '2014-10-08 03:53:21'),
(102, '9', '10', 6, 6, '2014-09-11 03:31:43', '2014-10-08 03:53:21', '2014-10-08 03:53:21'),
(103, '11', '12', 5, 7, '2014-09-23 07:28:09', '2014-10-08 03:53:21', '2014-10-08 03:53:21'),
(104, '9', '10', 0, 1, '2014-09-24 10:46:37', '2014-10-08 03:53:21', '2014-10-08 03:53:21'),
(105, '12', '13', 6, 6, '2014-09-11 23:17:41', '2014-10-08 03:53:21', '2014-10-08 03:53:21'),
(106, '17', '18', 4, 6, '2014-09-12 02:54:01', '2014-10-08 03:53:21', '2014-10-08 03:53:21'),
(107, '1', '2', 1, 6, '2014-09-27 04:55:03', '2014-10-08 03:53:21', '2014-10-08 03:53:21'),
(108, '7', '8', 6, 0, '2014-09-28 11:14:54', '2014-10-08 03:53:21', '2014-10-08 03:53:21'),
(109, '19', '20', 3, 2, '2014-10-07 00:30:49', '2014-10-08 03:53:21', '2014-10-08 03:53:21'),
(110, '3', '4', 1, 0, '2014-09-08 18:01:14', '2014-10-08 03:53:21', '2014-10-08 03:53:21'),
(111, '8', '9', 1, 7, '2014-09-20 09:13:51', '2014-10-08 03:53:21', '2014-10-08 03:53:21'),
(112, '1', '2', 3, 6, '2014-10-05 08:13:49', '2014-10-08 03:53:21', '2014-10-08 03:53:21'),
(113, '7', '8', 5, 2, '2014-09-10 02:18:10', '2014-10-08 03:53:21', '2014-10-08 03:53:21'),
(114, '19', '20', 1, 4, '2014-09-27 08:01:11', '2014-10-08 03:53:21', '2014-10-08 03:53:21'),
(115, '7', '8', 0, 2, '2014-10-02 12:02:26', '2014-10-08 03:53:21', '2014-10-08 03:53:21'),
(116, '19', '20', 3, 0, '2014-09-17 15:51:40', '2014-10-08 03:53:21', '2014-10-08 03:53:21'),
(117, '7', '8', 4, 5, '2014-09-25 10:15:50', '2014-10-08 03:53:21', '2014-10-08 03:53:21'),
(118, '10', '11', 4, 5, '2014-09-27 03:18:58', '2014-10-08 03:53:21', '2014-10-08 03:53:21'),
(119, '5', '6', 2, 3, '2014-09-30 21:37:23', '2014-10-08 03:53:21', '2014-10-08 03:53:21'),
(120, '18', '19', 2, 7, '2014-09-24 03:29:05', '2014-10-08 03:53:21', '2014-10-08 03:53:21'),
(121, '19', '20', 4, 5, '2014-09-26 13:21:13', '2014-10-08 03:53:21', '2014-10-08 03:53:21'),
(122, '8', '9', 7, 2, '2014-10-03 11:55:45', '2014-10-08 03:53:21', '2014-10-08 03:53:21'),
(123, '16', '17', 1, 2, '2014-09-13 11:05:05', '2014-10-08 03:53:21', '2014-10-08 03:53:21'),
(124, '8', '9', 3, 1, '2014-09-30 09:25:35', '2014-10-08 03:53:21', '2014-10-08 03:53:21'),
(125, '14', '15', 4, 0, '2014-09-29 18:46:05', '2014-10-08 03:53:21', '2014-10-08 03:53:21'),
(126, '16', '17', 2, 7, '2014-09-18 13:15:32', '2014-10-08 03:53:21', '2014-10-08 03:53:21'),
(127, '7', '8', 1, 4, '2014-09-10 02:31:59', '2014-10-08 03:53:21', '2014-10-08 03:53:21'),
(128, '6', '7', 6, 6, '2014-09-08 23:09:09', '2014-10-08 03:53:21', '2014-10-08 03:53:21'),
(129, '12', '13', 6, 0, '2014-09-26 05:31:16', '2014-10-08 03:53:21', '2014-10-08 03:53:21'),
(130, '8', '9', 1, 2, '2014-09-13 20:31:32', '2014-10-08 03:53:21', '2014-10-08 03:53:21'),
(131, '13', '14', 5, 1, '2014-10-03 06:04:14', '2014-10-08 03:53:21', '2014-10-08 03:53:21'),
(132, '19', '20', 3, 3, '2014-09-11 21:44:14', '2014-10-08 03:53:21', '2014-10-08 03:53:21'),
(133, '5', '6', 3, 4, '2014-09-26 09:47:51', '2014-10-08 03:53:21', '2014-10-08 03:53:21'),
(134, '6', '7', 4, 0, '2014-09-21 03:03:14', '2014-10-08 03:53:21', '2014-10-08 03:53:21'),
(135, '0', '1', 1, 5, '2014-09-18 02:55:28', '2014-10-08 03:53:21', '2014-10-08 03:53:21'),
(136, '8', '9', 1, 3, '2014-09-24 17:04:01', '2014-10-08 03:53:21', '2014-10-08 03:53:21'),
(137, '12', '13', 6, 5, '2014-09-13 09:28:58', '2014-10-08 03:53:21', '2014-10-08 03:53:21'),
(138, '4', '5', 0, 7, '2014-10-03 05:22:10', '2014-10-08 03:53:21', '2014-10-08 03:53:21'),
(139, '3', '4', 6, 0, '2014-09-15 22:35:42', '2014-10-08 03:53:21', '2014-10-08 03:53:21'),
(140, '18', '19', 2, 3, '2014-09-19 18:51:38', '2014-10-08 03:53:21', '2014-10-08 03:53:21'),
(141, '5', '6', 5, 3, '2014-09-09 19:59:45', '2014-10-08 03:53:21', '2014-10-08 03:53:21'),
(142, '4', '5', 5, 2, '2014-10-02 18:59:32', '2014-10-08 03:53:21', '2014-10-08 03:53:21'),
(143, '8', '9', 3, 7, '2014-10-08 02:52:05', '2014-10-08 03:53:21', '2014-10-08 03:53:21'),
(144, '9', '10', 5, 2, '2014-09-14 10:35:32', '2014-10-08 03:53:21', '2014-10-08 03:53:21'),
(145, '4', '5', 4, 7, '2014-09-22 14:42:35', '2014-10-08 03:53:21', '2014-10-08 03:53:21'),
(146, '1', '2', 7, 1, '2014-09-21 08:48:05', '2014-10-08 03:53:21', '2014-10-08 03:53:21'),
(147, '11', '12', 7, 3, '2014-10-06 23:04:15', '2014-10-08 03:53:21', '2014-10-08 03:53:21'),
(148, '9', '10', 3, 0, '2014-09-20 16:39:03', '2014-10-08 03:53:21', '2014-10-08 03:53:21'),
(149, '19', '20', 2, 7, '2014-10-02 21:19:58', '2014-10-08 03:53:21', '2014-10-08 03:53:21'),
(150, '16', '17', 7, 6, '2014-10-01 15:56:52', '2014-10-08 03:53:21', '2014-10-08 03:53:21'),
(151, '17', '18', 1, 6, '2014-09-28 00:12:17', '2014-10-08 03:53:21', '2014-10-08 03:53:21'),
(152, '16', '17', 4, 5, '2014-09-10 08:41:55', '2014-10-08 03:53:21', '2014-10-08 03:53:21'),
(153, '12', '13', 3, 6, '2014-09-22 09:22:40', '2014-10-08 03:53:21', '2014-10-08 03:53:21'),
(154, '4', '5', 0, 3, '2014-09-13 22:14:12', '2014-10-08 03:53:21', '2014-10-08 03:53:21'),
(155, '2', '3', 2, 1, '2014-09-16 22:47:03', '2014-10-08 03:53:21', '2014-10-08 03:53:21'),
(156, '18', '19', 1, 6, '2014-09-15 20:14:46', '2014-10-08 03:53:21', '2014-10-08 03:53:21'),
(157, '13', '14', 5, 3, '2014-09-26 10:05:15', '2014-10-08 03:53:21', '2014-10-08 03:53:21'),
(158, '7', '8', 3, 0, '2014-09-25 05:28:04', '2014-10-08 03:53:21', '2014-10-08 03:53:21'),
(159, '11', '12', 6, 2, '2014-09-29 15:39:08', '2014-10-08 03:53:21', '2014-10-08 03:53:21'),
(160, '13', '14', 0, 5, '2014-09-26 16:01:15', '2014-10-08 03:53:21', '2014-10-08 03:53:21'),
(161, '2', '3', 5, 6, '2014-09-20 01:51:35', '2014-10-08 03:53:21', '2014-10-08 03:53:21'),
(162, '18', '19', 5, 7, '2014-09-12 01:59:29', '2014-10-08 03:53:21', '2014-10-08 03:53:21'),
(163, '1', '2', 0, 7, '2014-10-05 20:17:26', '2014-10-08 03:53:21', '2014-10-08 03:53:21'),
(164, '9', '10', 5, 7, '2014-09-18 17:21:18', '2014-10-08 03:53:21', '2014-10-08 03:53:21'),
(165, '11', '12', 1, 7, '2014-10-08 02:53:15', '2014-10-08 03:53:21', '2014-10-08 03:53:21'),
(166, '1', '2', 5, 1, '2014-09-10 03:03:09', '2014-10-08 03:53:21', '2014-10-08 03:53:21'),
(167, '16', '17', 3, 6, '2014-09-09 15:31:59', '2014-10-08 03:53:21', '2014-10-08 03:53:21'),
(168, '4', '5', 4, 4, '2014-09-16 21:17:10', '2014-10-08 03:53:21', '2014-10-08 03:53:21'),
(169, '19', '20', 4, 0, '2014-09-15 23:15:56', '2014-10-08 03:53:21', '2014-10-08 03:53:21'),
(170, '8', '9', 7, 6, '2014-09-30 21:29:04', '2014-10-08 03:53:21', '2014-10-08 03:53:21'),
(171, '12', '13', 3, 5, '2014-09-23 10:09:25', '2014-10-08 03:53:21', '2014-10-08 03:53:21'),
(172, '7', '8', 1, 4, '2014-09-23 10:24:21', '2014-10-08 03:53:21', '2014-10-08 03:53:21'),
(173, '18', '19', 6, 7, '2014-09-15 13:37:06', '2014-10-08 03:53:21', '2014-10-08 03:53:21'),
(174, '3', '4', 5, 2, '2014-09-27 20:27:13', '2014-10-08 03:53:21', '2014-10-08 03:53:21'),
(175, '16', '17', 3, 3, '2014-09-29 16:09:53', '2014-10-08 03:53:21', '2014-10-08 03:53:21'),
(176, '15', '16', 1, 5, '2014-09-20 17:38:47', '2014-10-08 03:53:21', '2014-10-08 03:53:21'),
(177, '8', '9', 2, 6, '2014-09-20 18:08:43', '2014-10-08 03:53:21', '2014-10-08 03:53:21'),
(178, '0', '1', 1, 4, '2014-10-01 21:54:51', '2014-10-08 03:53:21', '2014-10-08 03:53:21'),
(179, '2', '3', 5, 6, '2014-09-26 21:03:03', '2014-10-08 03:53:21', '2014-10-08 03:53:21'),
(180, '17', '18', 7, 7, '2014-09-16 00:43:45', '2014-10-08 03:53:21', '2014-10-08 03:53:21'),
(181, '19', '20', 7, 4, '2014-09-10 18:19:30', '2014-10-08 03:53:21', '2014-10-08 03:53:21'),
(182, '0', '1', 5, 7, '2014-09-27 00:15:58', '2014-10-08 03:53:21', '2014-10-08 03:53:21'),
(183, '17', '18', 7, 4, '2014-09-19 03:40:48', '2014-10-08 03:53:21', '2014-10-08 03:53:21'),
(184, '11', '12', 1, 2, '2014-09-12 23:29:46', '2014-10-08 03:53:21', '2014-10-08 03:53:21'),
(185, '13', '14', 1, 3, '2014-09-13 05:52:32', '2014-10-08 03:53:21', '2014-10-08 03:53:21'),
(186, '17', '18', 5, 2, '2014-09-11 22:27:16', '2014-10-08 03:53:21', '2014-10-08 03:53:21'),
(187, '15', '16', 2, 4, '2014-09-15 23:54:51', '2014-10-08 03:53:21', '2014-10-08 03:53:21'),
(188, '5', '6', 1, 3, '2014-09-26 17:45:56', '2014-10-08 03:53:21', '2014-10-08 03:53:21'),
(189, '0', '1', 6, 0, '2014-10-06 21:52:58', '2014-10-08 03:53:21', '2014-10-08 03:53:21'),
(190, '15', '16', 0, 0, '2014-09-15 19:43:48', '2014-10-08 03:53:21', '2014-10-08 03:53:21'),
(191, '3', '4', 2, 3, '2014-09-25 09:23:53', '2014-10-08 03:53:21', '2014-10-08 03:53:21'),
(192, '17', '18', 6, 3, '2014-10-02 00:16:31', '2014-10-08 03:53:21', '2014-10-08 03:53:21'),
(193, '0', '1', 2, 7, '2014-09-13 08:40:58', '2014-10-08 03:53:21', '2014-10-08 03:53:21'),
(194, '6', '7', 4, 2, '2014-09-17 14:34:26', '2014-10-08 03:53:21', '2014-10-08 03:53:21'),
(195, '16', '17', 1, 0, '2014-09-23 09:27:22', '2014-10-08 03:53:21', '2014-10-08 03:53:21'),
(196, '16', '17', 2, 1, '2014-10-04 01:28:47', '2014-10-08 03:53:21', '2014-10-08 03:53:21'),
(197, '5', '6', 5, 5, '2014-09-11 21:20:10', '2014-10-08 03:53:21', '2014-10-08 03:53:21'),
(198, '13', '14', 0, 1, '2014-09-13 20:42:06', '2014-10-08 03:53:21', '2014-10-08 03:53:21'),
(199, '19', '20', 5, 1, '2014-09-27 02:56:13', '2014-10-08 03:53:21', '2014-10-08 03:53:21'),
(200, '18', '19', 3, 5, '2014-09-23 11:30:17', '2014-10-08 03:53:21', '2014-10-08 03:53:21'),
(201, '14', '15', 1, 6, '2014-10-06 02:01:11', '2014-10-08 03:53:21', '2014-10-08 03:53:21'),
(202, '10', '11', 1, 5, '2014-09-11 03:15:59', '2014-10-08 03:53:21', '2014-10-08 03:53:21'),
(203, '10', '11', 6, 6, '2014-09-16 19:26:51', '2014-10-08 03:53:21', '2014-10-08 03:53:21'),
(204, '13', '14', 3, 4, '2014-10-01 17:50:38', '2014-10-08 03:53:21', '2014-10-08 03:53:21'),
(205, '19', '20', 6, 6, '2014-09-16 17:39:05', '2014-10-08 03:53:21', '2014-10-08 03:53:21'),
(206, '0', '1', 7, 2, '2014-09-27 20:54:22', '2014-10-08 03:53:21', '2014-10-08 03:53:21'),
(207, '12', '13', 2, 1, '2014-09-23 09:30:14', '2014-10-08 03:53:21', '2014-10-08 03:53:21'),
(208, '19', '20', 0, 7, '2014-09-14 20:24:13', '2014-10-08 03:53:21', '2014-10-08 03:53:21'),
(209, '0', '1', 7, 1, '2014-09-26 20:16:36', '2014-10-08 03:53:21', '2014-10-08 03:53:21'),
(210, '16', '17', 6, 7, '2014-09-26 17:35:12', '2014-10-08 03:53:21', '2014-10-08 03:53:21'),
(211, '1', '2', 3, 5, '2014-09-22 10:05:23', '2014-10-08 03:53:21', '2014-10-08 03:53:21'),
(212, '3', '4', 6, 5, '2014-09-25 15:38:15', '2014-10-08 03:53:21', '2014-10-08 03:53:21'),
(213, '7', '8', 3, 4, '2014-09-24 21:49:32', '2014-10-08 03:53:21', '2014-10-08 03:53:21'),
(214, '1', '2', 6, 6, '2014-09-14 20:11:32', '2014-10-08 03:53:21', '2014-10-08 03:53:21'),
(215, '4', '5', 4, 5, '2014-09-12 23:33:36', '2014-10-08 03:53:21', '2014-10-08 03:53:21'),
(216, '4', '5', 1, 5, '2014-09-08 10:03:55', '2014-10-08 03:53:21', '2014-10-08 03:53:21'),
(217, '2', '3', 5, 2, '2014-09-08 20:33:07', '2014-10-08 03:53:21', '2014-10-08 03:53:21'),
(218, '8', '9', 4, 0, '2014-09-16 03:47:58', '2014-10-08 03:53:21', '2014-10-08 03:53:21'),
(219, '16', '17', 1, 2, '2014-09-15 14:40:23', '2014-10-08 03:53:21', '2014-10-08 03:53:21'),
(220, '10', '11', 5, 6, '2014-09-13 02:47:07', '2014-10-08 03:53:21', '2014-10-08 03:53:21'),
(221, '14', '15', 6, 1, '2014-09-12 06:32:49', '2014-10-08 03:53:21', '2014-10-08 03:53:21'),
(222, '0', '1', 0, 0, '2014-09-10 06:25:07', '2014-10-08 03:53:21', '2014-10-08 03:53:21'),
(223, '2', '3', 5, 7, '2014-09-17 10:30:38', '2014-10-08 03:53:21', '2014-10-08 03:53:21'),
(224, '19', '20', 7, 1, '2014-09-15 20:04:43', '2014-10-08 03:53:21', '2014-10-08 03:53:21'),
(225, '6', '7', 7, 3, '2014-09-13 04:44:07', '2014-10-08 03:53:21', '2014-10-08 03:53:21'),
(226, '11', '12', 6, 4, '2014-09-28 15:16:28', '2014-10-08 03:53:21', '2014-10-08 03:53:21'),
(227, '18', '19', 2, 5, '2014-10-02 05:02:31', '2014-10-08 03:53:21', '2014-10-08 03:53:21'),
(228, '0', '1', 2, 2, '2014-09-22 00:55:14', '2014-10-08 03:53:21', '2014-10-08 03:53:21'),
(229, '6', '7', 0, 7, '2014-09-14 04:46:50', '2014-10-08 03:53:21', '2014-10-08 03:53:21'),
(230, '3', '4', 7, 0, '2014-09-19 06:09:44', '2014-10-08 03:53:21', '2014-10-08 03:53:21'),
(231, '11', '12', 5, 0, '2014-09-23 11:29:32', '2014-10-08 03:53:21', '2014-10-08 03:53:21'),
(232, '10', '11', 4, 4, '2014-09-21 21:58:50', '2014-10-08 03:53:22', '2014-10-08 03:53:22'),
(233, '16', '17', 5, 6, '2014-09-28 10:07:21', '2014-10-08 03:53:22', '2014-10-08 03:53:22'),
(234, '10', '11', 6, 3, '2014-09-19 22:44:40', '2014-10-08 03:53:22', '2014-10-08 03:53:22'),
(235, '14', '15', 1, 1, '2014-09-11 23:51:27', '2014-10-08 03:53:22', '2014-10-08 03:53:22'),
(236, '17', '18', 0, 3, '2014-09-23 21:04:49', '2014-10-08 03:53:22', '2014-10-08 03:53:22'),
(237, '7', '8', 5, 0, '2014-09-10 19:27:12', '2014-10-08 03:53:22', '2014-10-08 03:53:22'),
(238, '14', '15', 4, 1, '2014-09-29 06:26:21', '2014-10-08 03:53:22', '2014-10-08 03:53:22'),
(239, '15', '16', 1, 3, '2014-09-24 18:06:32', '2014-10-08 03:53:22', '2014-10-08 03:53:22'),
(240, '0', '1', 3, 0, '2014-09-18 02:14:19', '2014-10-08 03:53:22', '2014-10-08 03:53:22'),
(241, '19', '20', 3, 6, '2014-10-05 11:26:58', '2014-10-08 03:53:22', '2014-10-08 03:53:22'),
(242, '10', '11', 6, 0, '2014-09-26 08:03:26', '2014-10-08 03:53:22', '2014-10-08 03:53:22'),
(243, '8', '9', 7, 7, '2014-10-02 18:54:05', '2014-10-08 03:53:22', '2014-10-08 03:53:22'),
(244, '6', '7', 7, 1, '2014-09-08 16:20:05', '2014-10-08 03:53:22', '2014-10-08 03:53:22'),
(245, '2', '3', 6, 7, '2014-10-05 15:07:32', '2014-10-08 03:53:22', '2014-10-08 03:53:22'),
(246, '19', '20', 2, 5, '2014-10-06 19:38:39', '2014-10-08 03:53:22', '2014-10-08 03:53:22'),
(247, '19', '20', 0, 2, '2014-09-25 17:12:26', '2014-10-08 03:53:22', '2014-10-08 03:53:22'),
(248, '14', '15', 4, 0, '2014-09-15 00:06:10', '2014-10-08 03:53:22', '2014-10-08 03:53:22'),
(249, '18', '19', 1, 4, '2014-10-08 05:41:41', '2014-10-08 03:53:22', '2014-10-08 03:53:22'),
(250, '16', '17', 7, 6, '2014-09-19 15:49:17', '2014-10-08 03:53:22', '2014-10-08 03:53:22'),
(251, '4', '5', 6, 2, '2014-09-17 09:26:54', '2014-10-08 03:53:22', '2014-10-08 03:53:22'),
(252, '13', '14', 3, 1, '2014-10-03 01:39:44', '2014-10-08 03:53:22', '2014-10-08 03:53:22'),
(253, '16', '17', 4, 4, '2014-09-15 10:33:52', '2014-10-08 03:53:22', '2014-10-08 03:53:22'),
(254, '3', '4', 3, 6, '2014-10-07 22:42:54', '2014-10-08 03:53:22', '2014-10-08 03:53:22'),
(255, '9', '10', 6, 6, '2014-10-06 14:42:23', '2014-10-08 03:53:22', '2014-10-08 03:53:22'),
(256, '19', '20', 3, 5, '2014-10-06 22:39:53', '2014-10-08 03:53:22', '2014-10-08 03:53:22'),
(257, '18', '19', 2, 2, '2014-10-07 11:43:38', '2014-10-08 03:53:22', '2014-10-08 03:53:22'),
(258, '13', '14', 4, 5, '2014-09-28 13:41:19', '2014-10-08 03:53:22', '2014-10-08 03:53:22'),
(259, '9', '10', 2, 4, '2014-09-21 21:55:44', '2014-10-08 03:53:22', '2014-10-08 03:53:22'),
(260, '2', '3', 5, 3, '2014-09-21 22:58:56', '2014-10-08 03:53:22', '2014-10-08 03:53:22'),
(261, '15', '16', 3, 3, '2014-10-04 15:40:42', '2014-10-08 03:53:22', '2014-10-08 03:53:22'),
(262, '10', '11', 1, 6, '2014-09-15 00:26:06', '2014-10-08 03:53:22', '2014-10-08 03:53:22'),
(263, '9', '10', 5, 2, '2014-09-13 13:38:33', '2014-10-08 03:53:22', '2014-10-08 03:53:22'),
(264, '19', '20', 1, 2, '2014-09-12 13:39:04', '2014-10-08 03:53:22', '2014-10-08 03:53:22'),
(265, '6', '7', 1, 2, '2014-10-06 05:18:49', '2014-10-08 03:53:22', '2014-10-08 03:53:22'),
(266, '7', '8', 6, 0, '2014-09-24 19:41:41', '2014-10-08 03:53:22', '2014-10-08 03:53:22'),
(267, '6', '7', 2, 7, '2014-09-17 04:01:48', '2014-10-08 03:53:22', '2014-10-08 03:53:22'),
(268, '18', '19', 0, 1, '2014-09-26 16:32:56', '2014-10-08 03:53:22', '2014-10-08 03:53:22'),
(269, '3', '4', 3, 5, '2014-10-01 05:01:30', '2014-10-08 03:53:22', '2014-10-08 03:53:22'),
(270, '6', '7', 5, 7, '2014-09-21 13:16:30', '2014-10-08 03:53:22', '2014-10-08 03:53:22'),
(271, '5', '6', 6, 7, '2014-09-28 10:02:09', '2014-10-08 03:53:22', '2014-10-08 03:53:22'),
(272, '18', '19', 0, 0, '2014-09-26 17:59:10', '2014-10-08 03:53:22', '2014-10-08 03:53:22'),
(273, '5', '6', 6, 7, '2014-09-12 04:58:32', '2014-10-08 03:53:22', '2014-10-08 03:53:22'),
(274, '1', '2', 0, 1, '2014-09-30 05:00:13', '2014-10-08 03:53:22', '2014-10-08 03:53:22'),
(275, '2', '3', 2, 4, '2014-09-29 20:28:56', '2014-10-08 03:53:22', '2014-10-08 03:53:22'),
(276, '7', '8', 4, 5, '2014-09-16 06:45:14', '2014-10-08 03:53:22', '2014-10-08 03:53:22'),
(277, '5', '6', 0, 4, '2014-09-30 12:35:51', '2014-10-08 03:53:22', '2014-10-08 03:53:22'),
(278, '15', '16', 2, 2, '2014-09-17 10:20:07', '2014-10-08 03:53:22', '2014-10-08 03:53:22'),
(279, '1', '2', 3, 1, '2014-09-15 18:57:40', '2014-10-08 03:53:22', '2014-10-08 03:53:22'),
(280, '2', '3', 2, 2, '2014-09-09 03:39:23', '2014-10-08 03:53:22', '2014-10-08 03:53:22'),
(281, '1', '2', 4, 1, '2014-10-07 02:23:43', '2014-10-08 03:53:22', '2014-10-08 03:53:22'),
(282, '2', '3', 4, 2, '2014-10-03 21:37:37', '2014-10-08 03:53:22', '2014-10-08 03:53:22'),
(283, '0', '1', 3, 6, '2014-09-30 09:54:45', '2014-10-08 03:53:22', '2014-10-08 03:53:22'),
(284, '13', '14', 5, 2, '2014-09-09 07:11:37', '2014-10-08 03:53:22', '2014-10-08 03:53:22'),
(285, '6', '7', 2, 3, '2014-09-26 15:52:27', '2014-10-08 03:53:22', '2014-10-08 03:53:22'),
(286, '3', '4', 1, 3, '2014-09-08 09:01:26', '2014-10-08 03:53:22', '2014-10-08 03:53:22'),
(287, '3', '4', 7, 0, '2014-09-13 11:30:30', '2014-10-08 03:53:22', '2014-10-08 03:53:22'),
(288, '16', '17', 2, 1, '2014-10-05 00:40:30', '2014-10-08 03:53:22', '2014-10-08 03:53:22'),
(289, '19', '20', 5, 4, '2014-10-02 03:00:40', '2014-10-08 03:53:22', '2014-10-08 03:53:22'),
(290, '13', '14', 4, 5, '2014-10-04 08:42:09', '2014-10-08 03:53:22', '2014-10-08 03:53:22'),
(291, '6', '7', 0, 7, '2014-09-08 17:06:44', '2014-10-08 03:53:22', '2014-10-08 03:53:22'),
(292, '1', '2', 4, 2, '2014-09-29 18:12:57', '2014-10-08 03:53:22', '2014-10-08 03:53:22'),
(293, '11', '12', 4, 2, '2014-09-26 02:51:09', '2014-10-08 03:53:22', '2014-10-08 03:53:22'),
(294, '15', '16', 5, 3, '2014-09-20 10:38:43', '2014-10-08 03:53:22', '2014-10-08 03:53:22'),
(295, '15', '16', 3, 7, '2014-09-19 15:09:44', '2014-10-08 03:53:22', '2014-10-08 03:53:22'),
(296, '5', '6', 0, 7, '2014-10-04 18:58:35', '2014-10-08 03:53:22', '2014-10-08 03:53:22'),
(297, '3', '4', 3, 1, '2014-09-15 19:52:12', '2014-10-08 03:53:22', '2014-10-08 03:53:22'),
(298, '1', '2', 1, 4, '2014-09-30 22:05:13', '2014-10-08 03:53:22', '2014-10-08 03:53:22'),
(299, '6', '7', 2, 0, '2014-09-16 14:36:18', '2014-10-08 03:53:22', '2014-10-08 03:53:22'),
(300, '17', '18', 3, 6, '2014-10-03 11:27:13', '2014-10-08 03:53:22', '2014-10-08 03:53:22'),
(301, '6', '7', 0, 5, '2014-10-02 13:25:37', '2014-10-08 03:53:22', '2014-10-08 03:53:22'),
(302, '15', '16', 0, 3, '2014-10-06 07:38:08', '2014-10-08 03:53:22', '2014-10-08 03:53:22'),
(303, '3', '4', 2, 7, '2014-09-13 05:24:26', '2014-10-08 03:53:22', '2014-10-08 03:53:22'),
(304, '14', '15', 0, 7, '2014-09-25 12:34:29', '2014-10-08 03:53:22', '2014-10-08 03:53:22'),
(305, '19', '20', 0, 2, '2014-09-22 18:18:25', '2014-10-08 03:53:22', '2014-10-08 03:53:22'),
(306, '10', '11', 6, 1, '2014-09-22 06:02:01', '2014-10-08 03:53:22', '2014-10-08 03:53:22'),
(307, '3', '4', 4, 4, '2014-09-16 04:12:28', '2014-10-08 03:53:22', '2014-10-08 03:53:22'),
(308, '5', '6', 4, 0, '2014-09-11 23:01:20', '2014-10-08 03:53:22', '2014-10-08 03:53:22'),
(309, '15', '16', 0, 5, '2014-09-24 05:51:35', '2014-10-08 03:53:22', '2014-10-08 03:53:22'),
(310, '9', '10', 4, 7, '2014-10-05 19:31:27', '2014-10-08 03:53:22', '2014-10-08 03:53:22'),
(311, '11', '12', 5, 3, '2014-09-09 10:49:19', '2014-10-08 03:53:22', '2014-10-08 03:53:22'),
(312, '7', '8', 3, 2, '2014-10-07 10:48:11', '2014-10-08 03:53:22', '2014-10-08 03:53:22'),
(313, '12', '13', 6, 1, '2014-09-12 21:31:24', '2014-10-08 03:53:22', '2014-10-08 03:53:22'),
(314, '5', '6', 5, 5, '2014-09-24 08:09:18', '2014-10-08 03:53:22', '2014-10-08 03:53:22'),
(315, '3', '4', 7, 5, '2014-09-17 18:07:58', '2014-10-08 03:53:22', '2014-10-08 03:53:22'),
(316, '10', '11', 1, 3, '2014-09-13 00:30:49', '2014-10-08 03:53:22', '2014-10-08 03:53:22'),
(317, '3', '4', 6, 4, '2014-09-21 08:28:28', '2014-10-08 03:53:22', '2014-10-08 03:53:22'),
(318, '1', '2', 2, 7, '2014-09-28 07:57:20', '2014-10-08 03:53:22', '2014-10-08 03:53:22'),
(319, '5', '6', 7, 5, '2014-09-15 14:52:27', '2014-10-08 03:53:22', '2014-10-08 03:53:22'),
(320, '11', '12', 4, 3, '2014-09-10 06:15:46', '2014-10-08 03:53:22', '2014-10-08 03:53:22'),
(321, '7', '8', 6, 1, '2014-09-18 22:59:51', '2014-10-08 03:53:22', '2014-10-08 03:53:22'),
(322, '11', '12', 7, 4, '2014-09-27 14:39:55', '2014-10-08 03:53:22', '2014-10-08 03:53:22'),
(323, '12', '13', 6, 4, '2014-09-15 05:34:05', '2014-10-08 03:53:22', '2014-10-08 03:53:22'),
(324, '18', '19', 5, 0, '2014-09-10 06:10:41', '2014-10-08 03:53:22', '2014-10-08 03:53:22'),
(325, '15', '16', 4, 5, '2014-09-29 14:04:22', '2014-10-08 03:53:22', '2014-10-08 03:53:22'),
(326, '17', '18', 5, 7, '2014-10-04 21:00:07', '2014-10-08 03:53:22', '2014-10-08 03:53:22'),
(327, '9', '10', 1, 6, '2014-09-11 07:21:32', '2014-10-08 03:53:22', '2014-10-08 03:53:22'),
(328, '9', '10', 3, 3, '2014-09-30 15:46:46', '2014-10-08 03:53:22', '2014-10-08 03:53:22'),
(329, '8', '9', 4, 3, '2014-10-02 18:22:39', '2014-10-08 03:53:22', '2014-10-08 03:53:22'),
(330, '13', '14', 7, 7, '2014-09-30 02:41:09', '2014-10-08 03:53:22', '2014-10-08 03:53:22'),
(331, '13', '14', 2, 4, '2014-09-17 01:20:12', '2014-10-08 03:53:22', '2014-10-08 03:53:22'),
(332, '13', '14', 0, 2, '2014-10-05 06:27:27', '2014-10-08 03:53:22', '2014-10-08 03:53:22'),
(333, '16', '17', 4, 0, '2014-10-03 07:41:38', '2014-10-08 03:53:22', '2014-10-08 03:53:22'),
(334, '2', '3', 6, 7, '2014-09-15 05:29:55', '2014-10-08 03:53:22', '2014-10-08 03:53:22'),
(335, '9', '10', 6, 1, '2014-10-06 19:37:07', '2014-10-08 03:53:22', '2014-10-08 03:53:22'),
(336, '7', '8', 4, 5, '2014-09-25 11:53:24', '2014-10-08 03:53:22', '2014-10-08 03:53:22'),
(337, '1', '2', 1, 0, '2014-09-12 15:17:45', '2014-10-08 03:53:22', '2014-10-08 03:53:22'),
(338, '16', '17', 7, 7, '2014-10-01 20:42:32', '2014-10-08 03:53:22', '2014-10-08 03:53:22'),
(339, '12', '13', 5, 7, '2014-09-26 02:55:07', '2014-10-08 03:53:22', '2014-10-08 03:53:22'),
(340, '0', '1', 6, 2, '2014-09-28 09:09:34', '2014-10-08 03:53:22', '2014-10-08 03:53:22'),
(341, '12', '13', 0, 1, '2014-09-26 17:05:43', '2014-10-08 03:53:22', '2014-10-08 03:53:22'),
(342, '0', '1', 1, 2, '2014-10-07 15:07:20', '2014-10-08 03:53:22', '2014-10-08 03:53:22'),
(343, '9', '10', 6, 0, '2014-09-24 04:37:48', '2014-10-08 03:53:22', '2014-10-08 03:53:22'),
(344, '10', '11', 7, 2, '2014-10-07 18:28:55', '2014-10-08 03:53:22', '2014-10-08 03:53:22'),
(345, '11', '12', 6, 5, '2014-10-07 20:55:17', '2014-10-08 03:53:22', '2014-10-08 03:53:22'),
(346, '6', '7', 0, 0, '2014-10-06 06:22:39', '2014-10-08 03:53:22', '2014-10-08 03:53:22'),
(347, '14', '15', 2, 6, '2014-09-23 10:48:29', '2014-10-08 03:53:22', '2014-10-08 03:53:22'),
(348, '5', '6', 1, 2, '2014-09-29 10:13:35', '2014-10-08 03:53:22', '2014-10-08 03:53:22'),
(349, '7', '8', 2, 1, '2014-10-01 18:04:33', '2014-10-08 03:53:22', '2014-10-08 03:53:22'),
(350, '17', '18', 6, 3, '2014-10-02 23:20:42', '2014-10-08 03:53:22', '2014-10-08 03:53:22'),
(351, '14', '15', 6, 5, '2014-09-16 01:03:37', '2014-10-08 03:53:22', '2014-10-08 03:53:22'),
(352, '3', '4', 0, 4, '2014-09-16 18:24:59', '2014-10-08 03:53:22', '2014-10-08 03:53:22'),
(353, '2', '3', 7, 1, '2014-10-01 02:40:12', '2014-10-08 03:53:22', '2014-10-08 03:53:22'),
(354, '6', '7', 5, 2, '2014-09-11 22:25:52', '2014-10-08 03:53:22', '2014-10-08 03:53:22'),
(355, '4', '5', 2, 4, '2014-09-29 00:08:30', '2014-10-08 03:53:22', '2014-10-08 03:53:22'),
(356, '12', '13', 1, 5, '2014-09-11 20:03:15', '2014-10-08 03:53:22', '2014-10-08 03:53:22'),
(357, '6', '7', 4, 2, '2014-09-10 06:37:58', '2014-10-08 03:53:22', '2014-10-08 03:53:22'),
(358, '17', '18', 7, 2, '2014-09-09 00:47:43', '2014-10-08 03:53:22', '2014-10-08 03:53:22'),
(359, '10', '11', 6, 1, '2014-09-29 15:21:25', '2014-10-08 03:53:22', '2014-10-08 03:53:22'),
(360, '11', '12', 1, 6, '2014-09-27 08:15:21', '2014-10-08 03:53:22', '2014-10-08 03:53:22'),
(361, '0', '1', 4, 7, '2014-09-22 20:22:26', '2014-10-08 03:53:22', '2014-10-08 03:53:22'),
(362, '3', '4', 0, 0, '2014-09-17 14:13:17', '2014-10-08 03:53:22', '2014-10-08 03:53:22'),
(363, '7', '8', 0, 3, '2014-09-13 22:00:05', '2014-10-08 03:53:22', '2014-10-08 03:53:22'),
(364, '7', '8', 1, 5, '2014-09-21 07:55:46', '2014-10-08 03:53:22', '2014-10-08 03:53:22'),
(365, '14', '15', 7, 6, '2014-09-23 21:09:10', '2014-10-08 03:53:22', '2014-10-08 03:53:22'),
(366, '6', '7', 0, 2, '2014-10-02 14:03:12', '2014-10-08 03:53:22', '2014-10-08 03:53:22'),
(367, '2', '3', 0, 7, '2014-10-04 10:48:22', '2014-10-08 03:53:22', '2014-10-08 03:53:22'),
(368, '18', '19', 2, 2, '2014-09-26 01:05:19', '2014-10-08 03:53:22', '2014-10-08 03:53:22'),
(369, '10', '11', 1, 2, '2014-09-09 02:55:58', '2014-10-08 03:53:22', '2014-10-08 03:53:22'),
(370, '0', '1', 3, 5, '2014-10-05 13:57:31', '2014-10-08 03:53:22', '2014-10-08 03:53:22'),
(371, '8', '9', 5, 5, '2014-09-27 11:40:51', '2014-10-08 03:53:22', '2014-10-08 03:53:22'),
(372, '13', '14', 4, 3, '2014-09-12 08:23:32', '2014-10-08 03:53:22', '2014-10-08 03:53:22'),
(373, '17', '18', 7, 0, '2014-09-28 01:25:53', '2014-10-08 03:53:22', '2014-10-08 03:53:22'),
(374, '8', '9', 1, 5, '2014-09-14 02:16:37', '2014-10-08 03:53:22', '2014-10-08 03:53:22'),
(375, '13', '14', 6, 1, '2014-09-17 13:14:31', '2014-10-08 03:53:22', '2014-10-08 03:53:22'),
(376, '10', '11', 6, 1, '2014-09-21 09:56:37', '2014-10-08 03:53:22', '2014-10-08 03:53:22'),
(377, '17', '18', 6, 3, '2014-09-13 07:03:50', '2014-10-08 03:53:22', '2014-10-08 03:53:22'),
(378, '4', '5', 7, 1, '2014-09-12 17:03:14', '2014-10-08 03:53:22', '2014-10-08 03:53:22'),
(379, '12', '13', 4, 3, '2014-09-25 14:08:40', '2014-10-08 03:53:22', '2014-10-08 03:53:22'),
(380, '17', '18', 3, 1, '2014-09-27 20:56:52', '2014-10-08 03:53:22', '2014-10-08 03:53:22'),
(381, '19', '20', 5, 1, '2014-09-13 11:20:51', '2014-10-08 03:53:22', '2014-10-08 03:53:22'),
(382, '10', '11', 5, 5, '2014-09-12 17:03:31', '2014-10-08 03:53:22', '2014-10-08 03:53:22'),
(383, '11', '12', 4, 0, '2014-09-27 16:02:29', '2014-10-08 03:53:22', '2014-10-08 03:53:22'),
(384, '13', '14', 0, 5, '2014-09-30 04:45:25', '2014-10-08 03:53:22', '2014-10-08 03:53:22'),
(385, '5', '6', 6, 4, '2014-09-10 07:28:45', '2014-10-08 03:53:22', '2014-10-08 03:53:22'),
(386, '19', '20', 7, 7, '2014-09-24 14:03:36', '2014-10-08 03:53:22', '2014-10-08 03:53:22'),
(387, '4', '5', 6, 0, '2014-09-10 09:38:37', '2014-10-08 03:53:22', '2014-10-08 03:53:22'),
(388, '4', '5', 0, 2, '2014-09-14 12:47:58', '2014-10-08 03:53:22', '2014-10-08 03:53:22'),
(389, '5', '6', 2, 2, '2014-10-01 01:42:44', '2014-10-08 03:53:22', '2014-10-08 03:53:22'),
(390, '14', '15', 5, 4, '2014-09-30 12:47:30', '2014-10-08 03:53:22', '2014-10-08 03:53:22'),
(391, '19', '20', 1, 7, '2014-09-19 06:25:20', '2014-10-08 03:53:22', '2014-10-08 03:53:22'),
(392, '10', '11', 1, 1, '2014-09-25 15:29:40', '2014-10-08 03:53:22', '2014-10-08 03:53:22'),
(393, '0', '1', 4, 7, '2014-09-28 17:23:04', '2014-10-08 03:53:22', '2014-10-08 03:53:22'),
(394, '9', '10', 4, 1, '2014-09-25 11:05:42', '2014-10-08 03:53:22', '2014-10-08 03:53:22'),
(395, '9', '10', 6, 5, '2014-10-01 19:00:04', '2014-10-08 03:53:22', '2014-10-08 03:53:22'),
(396, '18', '19', 5, 7, '2014-09-17 23:31:48', '2014-10-08 03:53:22', '2014-10-08 03:53:22'),
(397, '0', '1', 2, 7, '2014-10-05 09:14:18', '2014-10-08 03:53:22', '2014-10-08 03:53:22'),
(398, '8', '9', 4, 4, '2014-10-08 00:30:40', '2014-10-08 03:53:22', '2014-10-08 03:53:22'),
(399, '2', '3', 1, 7, '2014-09-24 14:48:48', '2014-10-08 03:53:22', '2014-10-08 03:53:22'),
(400, '6', '7', 3, 6, '2014-09-25 23:18:13', '2014-10-08 03:53:22', '2014-10-08 03:53:22'),
(401, '1', '6', 0, 0, '0000-00-00 00:00:00', '2014-10-09 15:30:15', '2014-10-09 15:30:15');

-- --------------------------------------------------------

--
-- Table structure for table `migrations`
--

CREATE TABLE IF NOT EXISTS `migrations` (
  `migration` varchar(255) COLLATE utf8_unicode_ci NOT NULL,
  `batch` int(11) NOT NULL
) ENGINE=InnoDB DEFAULT CHARSET=utf8 COLLATE=utf8_unicode_ci;

--
-- Dumping data for table `migrations`
--

INSERT INTO `migrations` (`migration`, `batch`) VALUES
('2013_12_09_191725_create_teams_table', 1),
('2013_12_10_024914_create_players_table', 1),
('2013_12_13_141549_create_users_table', 1),
('2013_12_23_044147_create_games_table', 1);

-- --------------------------------------------------------

--
-- Table structure for table `players`
--

CREATE TABLE IF NOT EXISTS `players` (
  `id` int(10) unsigned NOT NULL AUTO_INCREMENT,
  `first_name` varchar(255) COLLATE utf8_unicode_ci NOT NULL,
  `last_name` varchar(255) COLLATE utf8_unicode_ci NOT NULL,
  `team_id` int(10) unsigned DEFAULT NULL,
  `goals_scored` int(11) NOT NULL,
  `created_at` timestamp NOT NULL DEFAULT '0000-00-00 00:00:00',
  `updated_at` timestamp NOT NULL DEFAULT '0000-00-00 00:00:00',
  PRIMARY KEY (`id`),
  KEY `players_team_id_foreign` (`team_id`)
) ENGINE=InnoDB  DEFAULT CHARSET=utf8 COLLATE=utf8_unicode_ci AUTO_INCREMENT=301 ;

--
-- Dumping data for table `players`
--

INSERT INTO `players` (`id`, `first_name`, `last_name`, `team_id`, `goals_scored`, `created_at`, `updated_at`) VALUES
(1, 'Bernie', 'McClure', 7, 30, '2014-10-08 03:53:18', '2014-10-08 03:53:18'),
(2, 'Trystan', 'Pollich', 14, 29, '2014-10-08 03:53:18', '2014-10-08 03:53:18'),
(3, 'Chaz', 'Corwin', 1, 22, '2014-10-08 03:53:18', '2014-10-08 03:53:18'),
(4, 'Edison', 'Tremblay', 3, 19, '2014-10-08 03:53:18', '2014-10-08 03:53:18'),
(5, 'Philip', 'Roberts', 12, 13, '2014-10-08 03:53:18', '2014-10-08 03:53:18'),
(6, 'Kayleigh', 'Beahan', 7, 10, '2014-10-08 03:53:18', '2014-10-08 03:53:18'),
(7, 'Jarod', 'Runte', 14, 22, '2014-10-08 03:53:18', '2014-10-08 03:53:18'),
(8, 'Alexzander', 'Sauer', 16, 16, '2014-10-08 03:53:18', '2014-10-08 03:53:18'),
(9, 'Davin', 'Mann', 11, 18, '2014-10-08 03:53:18', '2014-10-08 03:53:18'),
(10, 'Niko', 'Becker', 8, 30, '2014-10-08 03:53:18', '2014-10-08 03:53:18'),
(11, 'Estevan', 'Moore', 18, 22, '2014-10-08 03:53:18', '2014-10-08 03:53:18'),
(12, 'Felton', 'Gulgowski', 13, 30, '2014-10-08 03:53:18', '2014-10-08 03:53:18'),
(13, 'Porter', 'Rippin', 19, 3, '2014-10-08 03:53:18', '2014-10-08 03:53:18'),
(14, 'Juston', 'Collins', 10, 9, '2014-10-08 03:53:18', '2014-10-08 03:53:18'),
(15, 'Chase', 'Kuhn', 8, 15, '2014-10-08 03:53:18', '2014-10-08 03:53:18'),
(16, 'Akeem', 'Medhurst', 10, 16, '2014-10-08 03:53:18', '2014-10-08 03:53:18'),
(17, 'Terrance', 'Thompson', 10, 27, '2014-10-08 03:53:18', '2014-10-08 03:53:18'),
(18, 'Conner', 'Koss', 10, 9, '2014-10-08 03:53:18', '2014-10-08 03:53:18'),
(19, 'Ashton', 'Boehm', 19, 26, '2014-10-08 03:53:18', '2014-10-08 03:53:18'),
(20, 'Woodrow', 'Lynch', 2, 0, '2014-10-08 03:53:18', '2014-10-08 03:53:18'),
(21, 'Bobby', 'Harber', 19, 14, '2014-10-08 03:53:18', '2014-10-08 03:53:18'),
(22, 'Preston', 'Parisian', 3, 20, '2014-10-08 03:53:18', '2014-10-08 03:53:18'),
(23, 'Devon', 'Aufderhar', 6, 11, '2014-10-08 03:53:18', '2014-10-08 03:53:18'),
(24, 'Favian', 'Walter', 3, 10, '2014-10-08 03:53:18', '2014-10-08 03:53:18'),
(25, 'Jarred', 'Koelpin', 3, 22, '2014-10-08 03:53:18', '2014-10-08 03:53:18'),
(26, 'Tracey', 'Mosciski', 2, 34, '2014-10-08 03:53:18', '2014-10-08 03:53:18'),
(27, 'Loy', 'Franecki', 4, 33, '2014-10-08 03:53:18', '2014-10-08 03:53:18'),
(28, 'Edward', 'Pagac', 10, 0, '2014-10-08 03:53:18', '2014-10-08 03:53:18'),
(29, 'Jaren', 'O''Hara', 15, 10, '2014-10-08 03:53:18', '2014-10-08 03:53:18'),
(30, 'Leonel', 'Bartoletti', 5, 8, '2014-10-08 03:53:18', '2014-10-08 03:53:18'),
(31, 'Johnathon', 'Barrows', 9, 11, '2014-10-08 03:53:18', '2014-10-08 03:53:18'),
(32, 'Antone', 'Fadel', 16, 33, '2014-10-08 03:53:18', '2014-10-08 03:53:18'),
(33, 'Imani', 'Gibson', 10, 3, '2014-10-08 03:53:18', '2014-10-08 03:53:18'),
(34, 'Domenick', 'Gaylord', 4, 2, '2014-10-08 03:53:18', '2014-10-08 03:53:18'),
(35, 'Jaeden', 'Predovic', 14, 8, '2014-10-08 03:53:18', '2014-10-08 03:53:18'),
(36, 'David', 'Hilpert', 17, 30, '2014-10-08 03:53:18', '2014-10-08 03:53:18'),
(37, 'Delmer', 'Dooley', 4, 28, '2014-10-08 03:53:18', '2014-10-08 03:53:18'),
(38, 'George', 'Mills', 16, 7, '2014-10-08 03:53:18', '2014-10-08 03:53:18'),
(39, 'Edison', 'Boyer', 16, 14, '2014-10-08 03:53:18', '2014-10-08 03:53:18'),
(40, 'Dudley', 'Labadie', 8, 16, '2014-10-08 03:53:18', '2014-10-08 03:53:18'),
(41, 'Lucas', 'Fadel', 12, 5, '2014-10-08 03:53:18', '2014-10-08 03:53:18'),
(42, 'Tyrel', 'O''Keefe', 15, 16, '2014-10-08 03:53:18', '2014-10-08 03:53:18'),
(43, 'Werner', 'Conroy', 8, 21, '2014-10-08 03:53:18', '2014-10-08 03:53:18'),
(44, 'Albin', 'Haag', 4, 19, '2014-10-08 03:53:18', '2014-10-08 03:53:18'),
(45, 'Jake', 'Cole', 9, 31, '2014-10-08 03:53:18', '2014-10-08 03:53:18'),
(46, 'Timmothy', 'Murray', 16, 19, '2014-10-08 03:53:18', '2014-10-08 03:53:18'),
(47, 'Demond', 'Littel', 7, 20, '2014-10-08 03:53:18', '2014-10-08 03:53:18'),
(48, 'Dewitt', 'Mayert', 20, 29, '2014-10-08 03:53:18', '2014-10-08 03:53:18'),
(49, 'Darryl', 'Gulgowski', 8, 27, '2014-10-08 03:53:18', '2014-10-08 03:53:18'),
(50, 'Lon', 'Murray', 15, 8, '2014-10-08 03:53:18', '2014-10-08 03:53:18'),
(51, 'Kristian', 'Steuber', 7, 3, '2014-10-08 03:53:18', '2014-10-08 03:53:18'),
(52, 'Baylee', 'Gibson', 11, 3, '2014-10-08 03:53:18', '2014-10-08 03:53:18'),
(53, 'Rudy', 'Smith', 7, 20, '2014-10-08 03:53:18', '2014-10-08 03:53:18'),
(54, 'Adrain', 'Turner', 6, 8, '2014-10-08 03:53:18', '2014-10-08 03:53:18'),
(55, 'Milan', 'Pfannerstill', 3, 30, '2014-10-08 03:53:18', '2014-10-08 03:53:18'),
(56, 'Barton', 'Barton', 11, 1, '2014-10-08 03:53:18', '2014-10-08 03:53:18'),
(57, 'Isaias', 'Wiegand', 19, 0, '2014-10-08 03:53:18', '2014-10-08 03:53:18'),
(58, 'Wilburn', 'Streich', 5, 11, '2014-10-08 03:53:18', '2014-10-08 03:53:18'),
(59, 'Alex', 'Breitenberg', 10, 22, '2014-10-08 03:53:18', '2014-10-08 03:53:18'),
(60, 'Juston', 'Littel', 16, 16, '2014-10-08 03:53:18', '2014-10-08 03:53:18'),
(61, 'Emile', 'Mitchell', 20, 30, '2014-10-08 03:53:18', '2014-10-08 03:53:18'),
(62, 'Humberto', 'Heidenreich', 5, 9, '2014-10-08 03:53:18', '2014-10-08 03:53:18'),
(63, 'Emerson', 'Blick', 3, 7, '2014-10-08 03:53:18', '2014-10-08 03:53:18'),
(64, 'Marques', 'Pouros', 1, 3, '2014-10-08 03:53:18', '2014-10-08 03:53:18'),
(65, 'Bell', 'Douglas', 4, 29, '2014-10-08 03:53:18', '2014-10-08 03:53:18'),
(66, 'Jimmy', 'Hane', 4, 27, '2014-10-08 03:53:18', '2014-10-08 03:53:18'),
(67, 'Garrison', 'Reynolds', 17, 11, '2014-10-08 03:53:18', '2014-10-08 03:53:18'),
(68, 'Hipolito', 'Turcotte', 1, 23, '2014-10-08 03:53:18', '2014-10-08 03:53:18'),
(69, 'Jeramy', 'Herman', 7, 25, '2014-10-08 03:53:18', '2014-10-08 03:53:18'),
(70, 'Toni', 'Hilll', 14, 22, '2014-10-08 03:53:18', '2014-10-08 03:53:18'),
(71, 'Hubert', 'Okuneva', 8, 23, '2014-10-08 03:53:18', '2014-10-08 03:53:18'),
(72, 'Jarrell', 'Kuphal', 11, 34, '2014-10-08 03:53:18', '2014-10-08 03:53:18'),
(73, 'Eldon', 'Wisozk', 3, 9, '2014-10-08 03:53:18', '2014-10-08 03:53:18'),
(74, 'Anthony', 'Wisoky', 12, 20, '2014-10-08 03:53:18', '2014-10-08 03:53:18'),
(75, 'Cole', 'Rosenbaum', 9, 2, '2014-10-08 03:53:18', '2014-10-08 03:53:18'),
(76, 'Carroll', 'Fay', 6, 26, '2014-10-08 03:53:18', '2014-10-08 03:53:18'),
(77, 'Blaise', 'Mills', 8, 6, '2014-10-08 03:53:18', '2014-10-08 03:53:18'),
(78, 'Tate', 'Emard', 12, 12, '2014-10-08 03:53:18', '2014-10-08 03:53:18'),
(79, 'Jeffry', 'Kautzer', 16, 8, '2014-10-08 03:53:18', '2014-10-08 03:53:18'),
(80, 'Earl', 'Schuppe', 20, 25, '2014-10-08 03:53:18', '2014-10-08 03:53:18'),
(81, 'Abe', 'Corwin', 17, 9, '2014-10-08 03:53:18', '2014-10-08 03:53:18'),
(82, 'Ross', 'Stroman', 10, 24, '2014-10-08 03:53:18', '2014-10-08 03:53:18'),
(83, 'Roman', 'Heathcote', 5, 32, '2014-10-08 03:53:18', '2014-10-08 03:53:18'),
(84, 'Jarod', 'Doyle', 10, 22, '2014-10-08 03:53:18', '2014-10-08 03:53:18'),
(85, 'Kaleb', 'Buckridge', 4, 8, '2014-10-08 03:53:18', '2014-10-08 03:53:18'),
(86, 'Bret', 'Pagac', 20, 14, '2014-10-08 03:53:18', '2014-10-08 03:53:18'),
(87, 'Orlando', 'McLaughlin', 10, 30, '2014-10-08 03:53:18', '2014-10-08 03:53:18'),
(88, 'Adolph', 'O''Hara', 9, 10, '2014-10-08 03:53:18', '2014-10-08 03:53:18'),
(89, 'Sammy', 'Crist', 5, 30, '2014-10-08 03:53:18', '2014-10-08 03:53:18'),
(90, 'Emil', 'Barrows', 17, 6, '2014-10-08 03:53:18', '2014-10-08 03:53:18'),
(91, 'Michael', 'Osinski', 5, 30, '2014-10-08 03:53:18', '2014-10-08 03:53:18'),
(92, 'Roger', 'Jast', 13, 14, '2014-10-08 03:53:18', '2014-10-08 03:53:18'),
(93, 'Dalton', 'Lind', 15, 31, '2014-10-08 03:53:18', '2014-10-08 03:53:18'),
(94, 'Arely', 'Shields', 16, 28, '2014-10-08 03:53:18', '2014-10-08 03:53:18'),
(95, 'Wilfredo', 'Pfannerstill', 7, 21, '2014-10-08 03:53:18', '2014-10-08 03:53:18'),
(96, 'Verner', 'Rolfson', 17, 25, '2014-10-08 03:53:18', '2014-10-08 03:53:18'),
(97, 'Stewart', 'Hane', 8, 2, '2014-10-08 03:53:18', '2014-10-08 03:53:18'),
(98, 'Claude', 'Schamberger', 13, 0, '2014-10-08 03:53:18', '2014-10-08 03:53:18'),
(99, 'Amari', 'Dickens', 10, 31, '2014-10-08 03:53:19', '2014-10-08 03:53:19'),
(100, 'Demond', 'Hermann', 15, 0, '2014-10-08 03:53:19', '2014-10-08 03:53:19'),
(101, 'Mauricio', 'VonRueden', 19, 5, '2014-10-08 03:53:19', '2014-10-08 03:53:19'),
(102, 'Blaise', 'Mosciski', 3, 19, '2014-10-08 03:53:19', '2014-10-08 03:53:19'),
(103, 'Antone', 'Hoppe', 9, 15, '2014-10-08 03:53:19', '2014-10-08 03:53:19'),
(104, 'Alan', 'Halvorson', 4, 34, '2014-10-08 03:53:19', '2014-10-08 03:53:19'),
(105, 'Mateo', 'Goyette', 5, 30, '2014-10-08 03:53:19', '2014-10-08 03:53:19'),
(106, 'Walter', 'Feil', 19, 6, '2014-10-08 03:53:19', '2014-10-08 03:53:19'),
(107, 'Pablo', 'Wilkinson', 20, 1, '2014-10-08 03:53:19', '2014-10-08 03:53:19'),
(108, 'Danial', 'Stark', 17, 15, '2014-10-08 03:53:19', '2014-10-08 03:53:19'),
(109, 'Dewitt', 'Larson', 18, 34, '2014-10-08 03:53:19', '2014-10-08 03:53:19'),
(110, 'Devin', 'Goodwin', 18, 22, '2014-10-08 03:53:19', '2014-10-08 03:53:19'),
(111, 'Jordon', 'Morar', 16, 13, '2014-10-08 03:53:19', '2014-10-08 03:53:19'),
(112, 'Reagan', 'Smith', 11, 3, '2014-10-08 03:53:19', '2014-10-08 03:53:19'),
(113, 'Darren', 'Paucek', 16, 9, '2014-10-08 03:53:19', '2014-10-08 03:53:19'),
(114, 'Dell', 'Schumm', 14, 23, '2014-10-08 03:53:19', '2014-10-08 03:53:19'),
(115, 'Uriah', 'Corwin', 13, 8, '2014-10-08 03:53:19', '2014-10-08 03:53:19'),
(116, 'Robin', 'Armstrong', 19, 25, '2014-10-08 03:53:19', '2014-10-08 03:53:19'),
(117, 'Douglas', 'Rowe', 12, 15, '2014-10-08 03:53:19', '2014-10-08 03:53:19'),
(118, 'Taurean', 'Larson', 3, 2, '2014-10-08 03:53:19', '2014-10-08 03:53:19'),
(119, 'Joshuah', 'Zboncak', 7, 14, '2014-10-08 03:53:19', '2014-10-08 03:53:19'),
(120, 'Wilson', 'Powlowski', 17, 2, '2014-10-08 03:53:19', '2014-10-08 03:53:19'),
(121, 'Kurtis', 'Ullrich', 1, 8, '2014-10-08 03:53:19', '2014-10-08 03:53:19'),
(122, 'Everardo', 'Batz', 19, 18, '2014-10-08 03:53:19', '2014-10-08 03:53:19'),
(123, 'Immanuel', 'Schroeder', 11, 20, '2014-10-08 03:53:19', '2014-10-08 03:53:19'),
(124, 'Guiseppe', 'D''Amore', 19, 29, '2014-10-08 03:53:19', '2014-10-08 03:53:19'),
(125, 'Chelsey', 'Abbott', 20, 16, '2014-10-08 03:53:19', '2014-10-08 03:53:19'),
(126, 'Tyshawn', 'Murray', 17, 29, '2014-10-08 03:53:19', '2014-10-08 03:53:19'),
(127, 'Derrick', 'Adams', 2, 18, '2014-10-08 03:53:19', '2014-10-08 03:53:19'),
(128, 'Kyle', 'Marvin', 2, 29, '2014-10-08 03:53:19', '2014-10-08 03:53:19'),
(129, 'Alejandrin', 'D''Amore', 1, 28, '2014-10-08 03:53:19', '2014-10-08 03:53:19'),
(130, 'Pierre', 'Schamberger', 13, 25, '2014-10-08 03:53:19', '2014-10-08 03:53:19'),
(131, 'Mariano', 'Hyatt', 13, 34, '2014-10-08 03:53:19', '2014-10-08 03:53:19'),
(132, 'Chad', 'Bernier', 19, 28, '2014-10-08 03:53:19', '2014-10-08 03:53:19'),
(133, 'Wiley', 'Glover', 2, 3, '2014-10-08 03:53:19', '2014-10-08 03:53:19'),
(134, 'Lambert', 'Greenholt', 1, 33, '2014-10-08 03:53:19', '2014-10-08 03:53:19'),
(135, 'Christop', 'VonRueden', 1, 25, '2014-10-08 03:53:19', '2014-10-08 03:53:19'),
(136, 'Hector', 'Schiller', 7, 17, '2014-10-08 03:53:19', '2014-10-08 03:53:19'),
(137, 'Thomas', 'Sawayn', 16, 34, '2014-10-08 03:53:19', '2014-10-08 03:53:19'),
(138, 'Dante', 'Roberts', 16, 9, '2014-10-08 03:53:19', '2014-10-08 03:53:19'),
(139, 'Stefan', 'Dach', 20, 17, '2014-10-08 03:53:19', '2014-10-08 03:53:19'),
(140, 'John', 'Bruen', 19, 22, '2014-10-08 03:53:19', '2014-10-08 03:53:19'),
(141, 'Bryon', 'Kuhlman', 18, 10, '2014-10-08 03:53:19', '2014-10-08 03:53:19'),
(142, 'Johnpaul', 'Muller', 14, 14, '2014-10-08 03:53:19', '2014-10-08 03:53:19'),
(143, 'Theo', 'Prosacco', 5, 0, '2014-10-08 03:53:19', '2014-10-08 03:53:19'),
(144, 'Merlin', 'Kub', 11, 34, '2014-10-08 03:53:19', '2014-10-08 03:53:19'),
(145, 'Dock', 'Abernathy', 5, 26, '2014-10-08 03:53:19', '2014-10-08 03:53:19'),
(146, 'Trevion', 'Pfeffer', 9, 5, '2014-10-08 03:53:19', '2014-10-08 03:53:19'),
(147, 'Florencio', 'Champlin', 11, 3, '2014-10-08 03:53:19', '2014-10-08 03:53:19'),
(148, 'Hilario', 'Turcotte', 18, 10, '2014-10-08 03:53:19', '2014-10-08 03:53:19'),
(149, 'Hyman', 'Keeling', 9, 3, '2014-10-08 03:53:19', '2014-10-08 03:53:19'),
(150, 'Nicolas', 'Schinner', 16, 8, '2014-10-08 03:53:19', '2014-10-08 03:53:19'),
(151, 'Enoch', 'Lueilwitz', 13, 14, '2014-10-08 03:53:19', '2014-10-08 03:53:19'),
(152, 'Urban', 'Gibson', 14, 10, '2014-10-08 03:53:19', '2014-10-08 03:53:19'),
(153, 'Braxton', 'Gaylord', 8, 4, '2014-10-08 03:53:19', '2014-10-08 03:53:19'),
(154, 'Abdullah', 'Lebsack', 11, 13, '2014-10-08 03:53:19', '2014-10-08 03:53:19'),
(155, 'Wilson', 'Goyette', 7, 27, '2014-10-08 03:53:19', '2014-10-08 03:53:19'),
(156, 'Nikolas', 'Metz', 16, 27, '2014-10-08 03:53:19', '2014-10-08 03:53:19'),
(157, 'Donny', 'Heathcote', 15, 18, '2014-10-08 03:53:19', '2014-10-08 03:53:19'),
(158, 'Napoleon', 'Windler', 8, 13, '2014-10-08 03:53:19', '2014-10-08 03:53:19'),
(159, 'Rhiannon', 'Kessler', 6, 31, '2014-10-08 03:53:19', '2014-10-08 03:53:19'),
(160, 'Nathanael', 'Gaylord', 17, 17, '2014-10-08 03:53:19', '2014-10-08 03:53:19'),
(161, 'Deangelo', 'Daniel', 5, 2, '2014-10-08 03:53:19', '2014-10-08 03:53:19'),
(162, 'Nicholaus', 'Leannon', 3, 33, '2014-10-08 03:53:19', '2014-10-08 03:53:19'),
(163, 'Barrett', 'Bogisich', 6, 19, '2014-10-08 03:53:19', '2014-10-08 03:53:19'),
(164, 'Seamus', 'Streich', 13, 4, '2014-10-08 03:53:19', '2014-10-08 03:53:19'),
(165, 'Dorthy', 'Spinka', 14, 17, '2014-10-08 03:53:19', '2014-10-08 03:53:19'),
(166, 'Norberto', 'Hartmann', 9, 30, '2014-10-08 03:53:19', '2014-10-08 03:53:19'),
(167, 'Danial', 'Dare', 3, 17, '2014-10-08 03:53:19', '2014-10-08 03:53:19'),
(168, 'Maverick', 'VonRueden', 20, 17, '2014-10-08 03:53:19', '2014-10-08 03:53:19'),
(169, 'Gerardo', 'Jaskolski', 17, 21, '2014-10-08 03:53:19', '2014-10-08 03:53:19'),
(170, 'Percival', 'Wisozk', 3, 30, '2014-10-08 03:53:19', '2014-10-08 03:53:19'),
(171, 'Joesph', 'Cassin', 11, 15, '2014-10-08 03:53:19', '2014-10-08 03:53:19'),
(172, 'Randall', 'Beatty', 10, 11, '2014-10-08 03:53:19', '2014-10-08 03:53:19'),
(173, 'Jordy', 'Fahey', 8, 3, '2014-10-08 03:53:19', '2014-10-08 03:53:19'),
(174, 'Orrin', 'White', 20, 24, '2014-10-08 03:53:19', '2014-10-08 03:53:19'),
(175, 'Austen', 'Blanda', 4, 6, '2014-10-08 03:53:19', '2014-10-08 03:53:19'),
(176, 'Theron', 'Leffler', 1, 12, '2014-10-08 03:53:19', '2014-10-08 03:53:19'),
(177, 'Jeffery', 'Langworth', 3, 26, '2014-10-08 03:53:19', '2014-10-08 03:53:19'),
(178, 'Dave', 'Cassin', 14, 4, '2014-10-08 03:53:19', '2014-10-08 03:53:19'),
(179, 'Emmet', 'Turner', 19, 14, '2014-10-08 03:53:19', '2014-10-08 03:53:19'),
(180, 'Frank', 'Mills', 7, 12, '2014-10-08 03:53:19', '2014-10-08 03:53:19'),
(181, 'Ryley', 'Fahey', 17, 10, '2014-10-08 03:53:19', '2014-10-08 03:53:19'),
(182, 'Darron', 'Hettinger', 20, 31, '2014-10-08 03:53:19', '2014-10-08 03:53:19'),
(183, 'Helmer', 'Waelchi', 10, 33, '2014-10-08 03:53:19', '2014-10-08 03:53:19'),
(184, 'Reyes', 'VonRueden', 2, 2, '2014-10-08 03:53:19', '2014-10-08 03:53:19'),
(185, 'Chadrick', 'Miller', 4, 16, '2014-10-08 03:53:19', '2014-10-08 03:53:19'),
(186, 'Flavio', 'Jakubowski', 13, 25, '2014-10-08 03:53:19', '2014-10-08 03:53:19'),
(187, 'Judge', 'Leffler', 12, 17, '2014-10-08 03:53:19', '2014-10-08 03:53:19'),
(188, 'Alec', 'Kutch', 2, 8, '2014-10-08 03:53:19', '2014-10-08 03:53:19'),
(189, 'Akeem', 'Block', 20, 2, '2014-10-08 03:53:19', '2014-10-08 03:53:19'),
(190, 'Kelvin', 'Hauck', 9, 14, '2014-10-08 03:53:19', '2014-10-08 03:53:19'),
(191, 'Estevan', 'Koch', 20, 28, '2014-10-08 03:53:19', '2014-10-08 03:53:19'),
(192, 'Garth', 'Zieme', 3, 21, '2014-10-08 03:53:19', '2014-10-08 03:53:19'),
(193, 'Adolphus', 'Gerhold', 19, 28, '2014-10-08 03:53:19', '2014-10-08 03:53:19'),
(194, 'Seamus', 'Lehner', 2, 23, '2014-10-08 03:53:19', '2014-10-08 03:53:19'),
(195, 'Lesley', 'McCullough', 10, 22, '2014-10-08 03:53:19', '2014-10-08 03:53:19'),
(196, 'Michale', 'Aufderhar', 17, 33, '2014-10-08 03:53:19', '2014-10-08 03:53:19'),
(197, 'Art', 'Marks', 17, 15, '2014-10-08 03:53:19', '2014-10-08 03:53:19'),
(198, 'Ignacio', 'Ankunding', 8, 9, '2014-10-08 03:53:19', '2014-10-08 03:53:19'),
(199, 'Abner', 'Willms', 15, 26, '2014-10-08 03:53:19', '2014-10-08 03:53:19'),
(200, 'Mckenna', 'Mayert', 2, 0, '2014-10-08 03:53:19', '2014-10-08 03:53:19'),
(201, 'Clyde', 'Lesch', 8, 25, '2014-10-08 03:53:19', '2014-10-08 03:53:19'),
(202, 'Travon', 'Lynch', 1, 34, '2014-10-08 03:53:19', '2014-10-08 03:53:19'),
(203, 'Bernardo', 'Hammes', 11, 31, '2014-10-08 03:53:19', '2014-10-08 03:53:19'),
(204, 'Dillon', 'Keeling', 12, 18, '2014-10-08 03:53:19', '2014-10-08 03:53:19'),
(205, 'Crawford', 'Harris', 8, 14, '2014-10-08 03:53:19', '2014-10-08 03:53:19'),
(206, 'Brant', 'Padberg', 16, 17, '2014-10-08 03:53:19', '2014-10-08 03:53:19'),
(207, 'Roosevelt', 'Kuphal', 14, 28, '2014-10-08 03:53:19', '2014-10-08 03:53:19'),
(208, 'Malachi', 'Kihn', 1, 8, '2014-10-08 03:53:19', '2014-10-08 03:53:19'),
(209, 'Boris', 'Weissnat', 12, 8, '2014-10-08 03:53:19', '2014-10-08 03:53:19'),
(210, 'Obie', 'Ryan', 8, 21, '2014-10-08 03:53:19', '2014-10-08 03:53:19'),
(211, 'Fredrick', 'Stanton', 17, 8, '2014-10-08 03:53:19', '2014-10-08 03:53:19'),
(212, 'Barrett', 'Mueller', 6, 32, '2014-10-08 03:53:19', '2014-10-08 03:53:19'),
(213, 'Hank', 'Bailey', 14, 33, '2014-10-08 03:53:19', '2014-10-08 03:53:19'),
(214, 'Angelo', 'Lindgren', 13, 1, '2014-10-08 03:53:19', '2014-10-08 03:53:19'),
(215, 'Chester', 'Weimann', 17, 33, '2014-10-08 03:53:19', '2014-10-08 03:53:19'),
(216, 'Israel', 'Keeling', 20, 11, '2014-10-08 03:53:19', '2014-10-08 03:53:19'),
(217, 'Lance', 'Feest', 10, 12, '2014-10-08 03:53:19', '2014-10-08 03:53:19'),
(218, 'Bryon', 'Boehm', 5, 20, '2014-10-08 03:53:19', '2014-10-08 03:53:19'),
(219, 'Jamey', 'Schroeder', 8, 24, '2014-10-08 03:53:19', '2014-10-08 03:53:19'),
(220, 'Rollin', 'Weber', 19, 6, '2014-10-08 03:53:19', '2014-10-08 03:53:19'),
(221, 'Ricky', 'Ankunding', 15, 4, '2014-10-08 03:53:19', '2014-10-08 03:53:19'),
(222, 'Joseph', 'Glover', 20, 33, '2014-10-08 03:53:19', '2014-10-08 03:53:19'),
(223, 'Sven', 'Schiller', 5, 7, '2014-10-08 03:53:19', '2014-10-08 03:53:19'),
(224, 'Tyrese', 'Hansen', 18, 8, '2014-10-08 03:53:19', '2014-10-08 03:53:19'),
(225, 'Roscoe', 'Herman', 3, 1, '2014-10-08 03:53:19', '2014-10-08 03:53:19'),
(226, 'Lazaro', 'Kling', 12, 31, '2014-10-08 03:53:19', '2014-10-08 03:53:19'),
(227, 'Hassan', 'Crooks', 3, 8, '2014-10-08 03:53:19', '2014-10-08 03:53:19'),
(228, 'Tom', 'Ankunding', 11, 9, '2014-10-08 03:53:19', '2014-10-08 03:53:19'),
(229, 'Unique', 'Schultz', 9, 30, '2014-10-08 03:53:19', '2014-10-08 03:53:19'),
(230, 'Brando', 'Schoen', 16, 6, '2014-10-08 03:53:19', '2014-10-08 03:53:19'),
(231, 'Alfredo', 'Greenholt', 17, 18, '2014-10-08 03:53:19', '2014-10-08 03:53:19'),
(232, 'Reynold', 'DuBuque', 15, 0, '2014-10-08 03:53:19', '2014-10-08 03:53:19'),
(233, 'Buford', 'Turcotte', 9, 11, '2014-10-08 03:53:19', '2014-10-08 03:53:19'),
(234, 'Trey', 'Wunsch', 8, 20, '2014-10-08 03:53:19', '2014-10-08 03:53:19'),
(235, 'Sven', 'Hane', 2, 30, '2014-10-08 03:53:19', '2014-10-08 03:53:19'),
(236, 'Santino', 'Kuhic', 3, 7, '2014-10-08 03:53:19', '2014-10-08 03:53:19'),
(237, 'Osvaldo', 'Franecki', 18, 7, '2014-10-08 03:53:19', '2014-10-08 03:53:19'),
(238, 'Guido', 'Kemmer', 2, 27, '2014-10-08 03:53:19', '2014-10-08 03:53:19'),
(239, 'Bartholome', 'Mosciski', 13, 33, '2014-10-08 03:53:19', '2014-10-08 03:53:19'),
(240, 'Abel', 'Cummerata', 12, 21, '2014-10-08 03:53:19', '2014-10-08 03:53:19'),
(241, 'Christopher', 'Cormier', 11, 8, '2014-10-08 03:53:19', '2014-10-08 03:53:19'),
(242, 'Sebastian', 'McGlynn', 13, 20, '2014-10-08 03:53:19', '2014-10-08 03:53:19'),
(243, 'Fritz', 'Hammes', 5, 20, '2014-10-08 03:53:19', '2014-10-08 03:53:19'),
(244, 'Adan', 'Barrows', 15, 34, '2014-10-08 03:53:19', '2014-10-08 03:53:19'),
(245, 'Keon', 'Willms', 2, 5, '2014-10-08 03:53:19', '2014-10-08 03:53:19'),
(246, 'Anibal', 'Von', 17, 25, '2014-10-08 03:53:19', '2014-10-08 03:53:19'),
(247, 'Gus', 'O''Kon', 14, 17, '2014-10-08 03:53:19', '2014-10-08 03:53:19'),
(248, 'Kamryn', 'Hickle', 8, 2, '2014-10-08 03:53:19', '2014-10-08 03:53:19'),
(249, 'Lewis', 'D''Amore', 6, 24, '2014-10-08 03:53:20', '2014-10-08 03:53:20'),
(250, 'Bo', 'Stroman', 8, 32, '2014-10-08 03:53:20', '2014-10-08 03:53:20'),
(251, 'Jovany', 'Goldner', 13, 14, '2014-10-08 03:53:20', '2014-10-08 03:53:20'),
(252, 'Fletcher', 'Schaden', 5, 21, '2014-10-08 03:53:20', '2014-10-08 03:53:20'),
(253, 'Saige', 'Haag', 20, 23, '2014-10-08 03:53:20', '2014-10-08 03:53:20'),
(254, 'Camron', 'Davis', 1, 34, '2014-10-08 03:53:20', '2014-10-08 03:53:20'),
(255, 'Sim', 'Bode', 19, 3, '2014-10-08 03:53:20', '2014-10-08 03:53:20'),
(256, 'Maxine', 'Effertz', 3, 13, '2014-10-08 03:53:20', '2014-10-08 03:53:20'),
(257, 'Kristopher', 'Waelchi', 16, 27, '2014-10-08 03:53:20', '2014-10-08 03:53:20'),
(258, 'Kamryn', 'Maggio', 12, 22, '2014-10-08 03:53:20', '2014-10-08 03:53:20'),
(259, 'Rodrigo', 'Kirlin', 6, 11, '2014-10-08 03:53:20', '2014-10-08 03:53:20'),
(260, 'Ole', 'Sporer', 16, 3, '2014-10-08 03:53:20', '2014-10-08 03:53:20'),
(261, 'Colton', 'Lindgren', 12, 27, '2014-10-08 03:53:20', '2014-10-08 03:53:20'),
(262, 'Easton', 'Sipes', 15, 21, '2014-10-08 03:53:20', '2014-10-08 03:53:20'),
(263, 'Zachery', 'Donnelly', 9, 28, '2014-10-08 03:53:20', '2014-10-08 03:53:20'),
(264, 'Wellington', 'Hessel', 18, 18, '2014-10-08 03:53:20', '2014-10-08 03:53:20'),
(265, 'Noel', 'Schaefer', 1, 15, '2014-10-08 03:53:20', '2014-10-08 03:53:20'),
(266, 'Jordi', 'Fadel', 5, 23, '2014-10-08 03:53:20', '2014-10-08 03:53:20'),
(267, 'Larue', 'Sipes', 2, 11, '2014-10-08 03:53:20', '2014-10-08 03:53:20'),
(268, 'Kale', 'Bauch', 5, 14, '2014-10-08 03:53:20', '2014-10-08 03:53:20'),
(269, 'Laurel', 'Weissnat', 18, 17, '2014-10-08 03:53:20', '2014-10-08 03:53:20'),
(270, 'Beau', 'Veum', 18, 20, '2014-10-08 03:53:20', '2014-10-08 03:53:20'),
(271, 'Jo', 'Roob', 2, 21, '2014-10-08 03:53:20', '2014-10-08 03:53:20'),
(272, 'Kamryn', 'Schmeler', 12, 17, '2014-10-08 03:53:20', '2014-10-08 03:53:20'),
(273, 'Everardo', 'Wiza', 19, 25, '2014-10-08 03:53:20', '2014-10-08 03:53:20'),
(274, 'Wilburn', 'Wilderman', 8, 1, '2014-10-08 03:53:20', '2014-10-08 03:53:20'),
(275, 'Gilberto', 'Murazik', 4, 14, '2014-10-08 03:53:20', '2014-10-08 03:53:20'),
(276, 'Walker', 'Sporer', 14, 19, '2014-10-08 03:53:20', '2014-10-08 03:53:20'),
(277, 'Jerel', 'Monahan', 19, 28, '2014-10-08 03:53:20', '2014-10-08 03:53:20'),
(278, 'Patrick', 'Fay', 10, 30, '2014-10-08 03:53:20', '2014-10-08 03:53:20'),
(279, 'Bobbie', 'Heller', 1, 17, '2014-10-08 03:53:20', '2014-10-08 03:53:20'),
(280, 'Alf', 'Howell', 5, 11, '2014-10-08 03:53:20', '2014-10-08 03:53:20'),
(281, 'Nolan', 'Moen', 13, 20, '2014-10-08 03:53:20', '2014-10-08 03:53:20'),
(282, 'Kris', 'Dietrich', 20, 27, '2014-10-08 03:53:20', '2014-10-08 03:53:20'),
(283, 'Aron', 'Miller', 9, 21, '2014-10-08 03:53:20', '2014-10-08 03:53:20'),
(284, 'Theron', 'Ward', 2, 19, '2014-10-08 03:53:20', '2014-10-08 03:53:20'),
(285, 'Brook', 'Leannon', 14, 25, '2014-10-08 03:53:20', '2014-10-08 03:53:20'),
(286, 'Orval', 'Harvey', 12, 18, '2014-10-08 03:53:20', '2014-10-08 03:53:20'),
(287, 'Omer', 'Ziemann', 3, 17, '2014-10-08 03:53:20', '2014-10-08 03:53:20'),
(288, 'Hubert', 'Yost', 18, 0, '2014-10-08 03:53:20', '2014-10-08 03:53:20'),
(289, 'Alvis', 'Hudson', 20, 0, '2014-10-08 03:53:20', '2014-10-08 03:53:20'),
(290, 'Bret', 'Legros', 1, 29, '2014-10-08 03:53:20', '2014-10-08 03:53:20'),
(291, 'Maximilian', 'Beatty', 19, 31, '2014-10-08 03:53:20', '2014-10-08 03:53:20'),
(292, 'Emmet', 'Lemke', 10, 14, '2014-10-08 03:53:20', '2014-10-08 03:53:20'),
(293, 'Terrill', 'Stehr', 4, 7, '2014-10-08 03:53:20', '2014-10-08 03:53:20'),
(294, 'Victor', 'Quigley', 3, 18, '2014-10-08 03:53:20', '2014-10-08 03:53:20'),
(295, 'Trevor', 'Kshlerin', 10, 20, '2014-10-08 03:53:20', '2014-10-08 03:53:20'),
(296, 'Jasper', 'Cormier', 11, 18, '2014-10-08 03:53:20', '2014-10-08 03:53:20'),
(297, 'Ceasar', 'Harber', 2, 2, '2014-10-08 03:53:20', '2014-10-08 03:53:20'),
(298, 'Nikolas', 'Wehner', 12, 9, '2014-10-08 03:53:20', '2014-10-08 03:53:20'),
(299, 'Kenton', 'Mann', 13, 9, '2014-10-08 03:53:20', '2014-10-08 03:53:20'),
(300, 'Forest', 'Gusikowski', 16, 3, '2014-10-08 03:53:20', '2014-10-08 03:53:20');

-- --------------------------------------------------------

--
-- Table structure for table `teams`
--

CREATE TABLE IF NOT EXISTS `teams` (
  `id` int(10) unsigned NOT NULL AUTO_INCREMENT,
  `name` varchar(255) COLLATE utf8_unicode_ci NOT NULL,
  `coach` varchar(255) COLLATE utf8_unicode_ci NOT NULL,
  `amount_paid` varchar(255) COLLATE utf8_unicode_ci NOT NULL,
  `created_at` timestamp NOT NULL DEFAULT '0000-00-00 00:00:00',
  `updated_at` timestamp NOT NULL DEFAULT '0000-00-00 00:00:00',
  PRIMARY KEY (`id`),
  UNIQUE KEY `teams_name_unique` (`name`)
) ENGINE=InnoDB  DEFAULT CHARSET=utf8 COLLATE=utf8_unicode_ci AUTO_INCREMENT=21 ;

--
-- Dumping data for table `teams`
--

INSERT INTO `teams` (`id`, `name`, `coach`, `amount_paid`, `created_at`, `updated_at`) VALUES
(1, 'Lilla Prairie', 'Dr. Jaiden Sanford DVM', '35000', '2014-10-08 03:53:18', '2014-10-08 03:53:18'),
(2, 'Kihn Lake', 'Dorian Bartoletti', '45000', '2014-10-08 03:53:18', '2014-10-08 03:53:18'),
(3, 'Lewis Circle', 'Estel Weimann', '0', '2014-10-08 03:53:18', '2014-10-08 03:53:18'),
(4, 'Gertrude Courts', 'Andre Anderson DDS', '45000', '2014-10-08 03:53:18', '2014-10-08 03:53:18'),
(5, 'Nadia Viaduct', 'Leonor Weber', '0', '2014-10-08 03:53:18', '2014-10-08 03:53:18'),
(6, 'Isidro Roads', 'Mathew Batz', '10000', '2014-10-08 03:53:18', '2014-10-08 03:53:18'),
(7, 'Weissnat Trace', 'Mr. Jovani Schmitt II', '50000', '2014-10-08 03:53:18', '2014-10-08 03:53:18'),
(8, 'Briana Key', 'Raleigh Conroy', '20000', '2014-10-08 03:53:18', '2014-10-08 03:53:18'),
(9, 'Bernier Island', 'Maxie Oberbrunner', '45000', '2014-10-08 03:53:18', '2014-10-08 03:53:18'),
(10, 'Keara Pine', 'Kaley Maggio', '50000', '2014-10-08 03:53:18', '2014-10-08 03:53:18'),
(11, 'O''Hara Spurs', 'Isidro Fadel', '20000', '2014-10-08 03:53:18', '2014-10-08 03:53:18'),
(12, 'Hauck Ramp', 'Prof. Mekhi Koelpin PhD', '42000', '2014-10-08 03:53:18', '2014-10-08 03:53:18'),
(13, 'Guadalupe Park', 'Willa Roberts', '35000', '2014-10-08 03:53:18', '2014-10-08 03:53:18'),
(14, 'Billie Crest', 'Miss Sonia Fahey', '15000', '2014-10-08 03:53:18', '2014-10-08 03:53:18'),
(15, 'Vernice Track', 'Billy Keebler', '50000', '2014-10-08 03:53:18', '2014-10-08 03:53:18'),
(16, 'McDermott Oval', 'Eldridge Zieme', '20000', '2014-10-08 03:53:18', '2014-10-08 03:53:18'),
(17, 'Gennaro Loaf', 'Nels Schaefer', '20000', '2014-10-08 03:53:18', '2014-10-08 03:53:18'),
(18, 'Reilly Points', 'Leola McDermott', '30000', '2014-10-08 03:53:18', '2014-10-08 03:53:18'),
(19, 'Hodkiewicz Hill', 'Claud Feil', '20000', '2014-10-08 03:53:18', '2014-10-08 03:53:18'),
(20, 'Mante Ridges', 'Carmel Prosacco Jr.', '25000', '2014-10-08 03:53:18', '2014-10-08 03:53:18');

-- --------------------------------------------------------

--
-- Table structure for table `users`
--

CREATE TABLE IF NOT EXISTS `users` (
  `id` int(10) unsigned NOT NULL AUTO_INCREMENT,
  `username` varchar(32) COLLATE utf8_unicode_ci NOT NULL,
  `password` varchar(255) COLLATE utf8_unicode_ci NOT NULL,
  `created_at` timestamp NOT NULL DEFAULT '0000-00-00 00:00:00',
  `updated_at` timestamp NOT NULL DEFAULT '0000-00-00 00:00:00',
  PRIMARY KEY (`id`)
) ENGINE=InnoDB  DEFAULT CHARSET=utf8 COLLATE=utf8_unicode_ci AUTO_INCREMENT=2 ;

--
-- Dumping data for table `users`
--

INSERT INTO `users` (`id`, `username`, `password`, `created_at`, `updated_at`) VALUES
(1, 'admin', '$2y$08$yFZDfi2gE5.eUmPeB6D1ouCd0jIYP2w09PsfrOoBMwaPhKi8Ty7bO', '2014-10-08 04:07:49', '2014-10-08 04:07:49');

--
-- Constraints for dumped tables
--

--
-- Constraints for table `players`
--
ALTER TABLE `players`
  ADD CONSTRAINT `players_team_id_foreign` FOREIGN KEY (`team_id`) REFERENCES `teams` (`id`) ON DELETE SET NULL;

/*!40101 SET CHARACTER_SET_CLIENT=@OLD_CHARACTER_SET_CLIENT */;
/*!40101 SET CHARACTER_SET_RESULTS=@OLD_CHARACTER_SET_RESULTS */;
/*!40101 SET COLLATION_CONNECTION=@OLD_COLLATION_CONNECTION */;
